instrument_key,exchange_token,tradingsymbol,name,last_price,expiry,strike,tick_size,lot_size,instrument_type,option_type,exchange
NSE_FO|66458,66458,BANKNIFTY26MAY43000CE,BANKNIFTY,8000.0,2026-05-26,43000.0,0.05,30.0,OPTIDX,CE,NSE_FO
NSE_FO|66459,66459,BANKNIFTY26MAY43000PE,BANKNIFTY,5.85,2026-05-26,43000.0,0.05,30.0,OPTIDX,PE,NSE_FO
NSE_FO|66460,66460,BANKNIFTY26MAY43500CE,BANKNIFTY,18263.65,2026-05-26,43500.0,0.05,30.0,OPTIDX,CE,NSE_FO
NSE_FO|66461,66461,BANKNIFTY26MAY43500PE,BANKNIFTY,5.95,2026-05-26,43500.0,0.05,30.0,OPTIDX,PE,NSE_FO
NSE_FO|66462,66462,BANKNIFTY26MAY44000CE,BANKNIFTY,11711.25,2026-05-26,44000.0,0.05,30.0,OPTIDX,CE,NSE_FO
NSE_FO|66463,66463,BANKNIFTY26MAY44000PE,BANKNIFTY,8.35,2026-05-26,44000.0,0.05,30.0,OPTIDX,PE,NSE_FO
NSE_FO|66464,66464,BANKNIFTY26MAY44500CE,BANKNIFTY,17280.1,2026-05-26,44500.0,0.05,30.0,OPTIDX,CE,NSE_FO
NSE_FO|66465,66465,BANKNIFTY26MAY44500PE,BANKNIFTY,11.25,2026-05-26,44500.0,0.05,30.0,OPTIDX,PE,NSE_FO
NSE_FO|66466,66466,BANKNIFTY26MAY45000CE,BANKNIFTY,16788.35,2026-05-26,45000.0,0.05,30.0,OPTIDX,CE,NSE_FO
NSE_FO|66467,66467,BANKNIFTY26MAY45000PE,BANKNIFTY,12.95,2026-05-26,45000.0,0.05,30.0,OPTIDX,PE,NSE_FO
NSE_FO|40394,40394,BANKNIFTY26MAY45300CE,BANKNIFTY,15239.0,2026-05-26,45300.0,0.05,30.0,OPTIDX,CE,NSE_FO
NSE_FO|40395,40395,BANKNIFTY26MAY45300PE,BANKNIFTY,17.9,2026-05-26,45300.0,0.05,30.0,OPTIDX,PE,NSE_FO
NSE_FO|40396,40396,BANKNIFTY26MAY45400CE,BANKNIFTY,15140.55,2026-05-26,45400.0,0.05,30.0,OPTIDX,CE,NSE_FO
NSE_FO|40397,40397,BANKNIFTY26MAY45400PE,BANKNIFTY,19.45,2026-05-26,45400.0,0.05,30.0,OPTIDX,PE,NSE_FO
NSE_FO|66468,66468,BANKNIFTY26MAY45500CE,BANKNIFTY,16296.6,2026-05-26,45500.0,0.05,30.0,OPTIDX,CE,NSE_FO
NSE_FO|66472,66472,BANKNIFTY26MAY45500PE,BANKNIFTY,17.3,2026-05-26,45500.0,0.05,30.0,OPTIDX,PE,NSE_FO
NSE_FO|38309,38309,BANKNIFTY26MAY45600CE,BANKNIFTY,15647.5,2026-05-26,45600.0,0.05,30.0,OPTIDX,CE,NSE_FO
NSE_FO|38312,38312,BANKNIFTY26MAY45600PE,BANKNIFTY,16.3,2026-05-26,45600.0,0.05,30.0,OPTIDX,PE,NSE_FO
NSE_FO|38313,38313,BANKNIFTY26MAY45700CE,BANKNIFTY,15549.05,2026-05-26,45700.0,0.05,30.0,OPTIDX,CE,NSE_FO
NSE_FO|38314,38314,BANKNIFTY26MAY45700PE,BANKNIFTY,20.15,2026-05-26,45700.0,0.05,30.0,OPTIDX,PE,NSE_FO
NSE_FO|38316,38316,BANKNIFTY26MAY45800CE,BANKNIFTY,15450.65,2026-05-26,45800.0,0.05,30.0,OPTIDX,CE,NSE_FO
NSE_FO|38317,38317,BANKNIFTY26MAY45800PE,BANKNIFTY,21.05,2026-05-26,45800.0,0.05,30.0,OPTIDX,PE,NSE_FO
NSE_FO|38319,38319,BANKNIFTY26MAY45900CE,BANKNIFTY,15352.25,2026-05-26,45900.0,0.05,30.0,OPTIDX,CE,NSE_FO
NSE_FO|38320,38320,BANKNIFTY26MAY45900PE,BANKNIFTY,22.2,2026-05-26,45900.0,0.05,30.0,OPTIDX,PE,NSE_FO
NSE_FO|66473,66473,BANKNIFTY26MAY46000CE,BANKNIFTY,9636.25,2026-05-26,46000.0,0.05,30.0,OPTIDX,CE,NSE_FO
NSE_FO|66474,66474,BANKNIFTY26MAY46000PE,BANKNIFTY,20.0,2026-05-26,46000.0,0.05,30.0,OPTIDX,PE,NSE_FO
NSE_FO|66475,66475,BANKNIFTY26MAY46100CE,BANKNIFTY,15706.55,2026-05-26,46100.0,0.05,30.0,OPTIDX,CE,NSE_FO
NSE_FO|66476,66476,BANKNIFTY26MAY46100PE,BANKNIFTY,38.5,2026-05-26,46100.0,0.05,30.0,OPTIDX,PE,NSE_FO
NSE_FO|66477,66477,BANKNIFTY26MAY46200CE,BANKNIFTY,15608.2,2026-05-26,46200.0,0.05,30.0,OPTIDX,CE,NSE_FO
NSE_FO|66478,66478,BANKNIFTY26MAY46200PE,BANKNIFTY,33.95,2026-05-26,46200.0,0.05,30.0,OPTIDX,PE,NSE_FO
NSE_FO|66480,66480,BANKNIFTY26MAY46300CE,BANKNIFTY,15509.85,2026-05-26,46300.0,0.05,30.0,OPTIDX,CE,NSE_FO
NSE_FO|66481,66481,BANKNIFTY26MAY46300PE,BANKNIFTY,40.35,2026-05-26,46300.0,0.05,30.0,OPTIDX,PE,NSE_FO
NSE_FO|66482,66482,BANKNIFTY26MAY46400CE,BANKNIFTY,15411.5,2026-05-26,46400.0,0.05,30.0,OPTIDX,CE,NSE_FO
NSE_FO|66483,66483,BANKNIFTY26MAY46400PE,BANKNIFTY,32.45,2026-05-26,46400.0,0.05,30.0,OPTIDX,PE,NSE_FO
NSE_FO|66527,66527,BANKNIFTY26MAY46500CE,BANKNIFTY,10600.0,2026-05-26,46500.0,0.05,30.0,OPTIDX,CE,NSE_FO
NSE_FO|66528,66528,BANKNIFTY26MAY46500PE,BANKNIFTY,25.25,2026-05-26,46500.0,0.05,30.0,OPTIDX,PE,NSE_FO
NSE_FO|66529,66529,BANKNIFTY26MAY46600CE,BANKNIFTY,15214.8,2026-05-26,46600.0,0.05,30.0,OPTIDX,CE,NSE_FO
NSE_FO|66530,66530,BANKNIFTY26MAY46600PE,BANKNIFTY,30.3,2026-05-26,46600.0,0.05,30.0,OPTIDX,PE,NSE_FO
NSE_FO|66531,66531,BANKNIFTY26MAY46700CE,BANKNIFTY,15116.5,2026-05-26,46700.0,0.05,30.0,OPTIDX,CE,NSE_FO
NSE_FO|66552,66552,BANKNIFTY26MAY46700PE,BANKNIFTY,0.15,2026-05-26,46700.0,0.05,30.0,OPTIDX,PE,NSE_FO
NSE_FO|66553,66553,BANKNIFTY26MAY46800CE,BANKNIFTY,15018.15,2026-05-26,46800.0,0.05,30.0,OPTIDX,CE,NSE_FO
NSE_FO|66556,66556,BANKNIFTY26MAY46800PE,BANKNIFTY,0.2,2026-05-26,46800.0,0.05,30.0,OPTIDX,PE,NSE_FO
NSE_FO|66558,66558,BANKNIFTY26MAY46900CE,BANKNIFTY,14919.8,2026-05-26,46900.0,0.05,30.0,OPTIDX,CE,NSE_FO
NSE_FO|66569,66569,BANKNIFTY26MAY46900PE,BANKNIFTY,0.2,2026-05-26,46900.0,0.05,30.0,OPTIDX,PE,NSE_FO
NSE_FO|66570,66570,BANKNIFTY26MAY47000CE,BANKNIFTY,8628.35,2026-05-26,47000.0,0.05,30.0,OPTIDX,CE,NSE_FO
NSE_FO|66571,66571,BANKNIFTY26MAY47000PE,BANKNIFTY,30.1,2026-05-26,47000.0,0.05,30.0,OPTIDX,PE,NSE_FO
NSE_FO|66572,66572,BANKNIFTY26MAY47100CE,BANKNIFTY,14723.15,2026-05-26,47100.0,0.05,30.0,OPTIDX,CE,NSE_FO
NSE_FO|66573,66573,BANKNIFTY26MAY47100PE,BANKNIFTY,21.0,2026-05-26,47100.0,0.05,30.0,OPTIDX,PE,NSE_FO
NSE_FO|66574,66574,BANKNIFTY26MAY47200CE,BANKNIFTY,14624.85,2026-05-26,47200.0,0.05,30.0,OPTIDX,CE,NSE_FO
NSE_FO|66577,66577,BANKNIFTY26MAY47200PE,BANKNIFTY,0.25,2026-05-26,47200.0,0.05,30.0,OPTIDX,PE,NSE_FO
NSE_FO|66578,66578,BANKNIFTY26MAY47300CE,BANKNIFTY,14526.5,2026-05-26,47300.0,0.05,30.0,OPTIDX,CE,NSE_FO
NSE_FO|66581,66581,BANKNIFTY26MAY47300PE,BANKNIFTY,0.3,2026-05-26,47300.0,0.05,30.0,OPTIDX,PE,NSE_FO
NSE_FO|66582,66582,BANKNIFTY26MAY47400CE,BANKNIFTY,14428.2,2026-05-26,47400.0,0.05,30.0,OPTIDX,CE,NSE_FO
NSE_FO|66583,66583,BANKNIFTY26MAY47400PE,BANKNIFTY,0.35,2026-05-26,47400.0,0.05,30.0,OPTIDX,PE,NSE_FO
NSE_FO|66585,66585,BANKNIFTY26MAY47500CE,BANKNIFTY,9500.0,2026-05-26,47500.0,0.05,30.0,OPTIDX,CE,NSE_FO
NSE_FO|66602,66602,BANKNIFTY26MAY47500PE,BANKNIFTY,35.2,2026-05-26,47500.0,0.05,30.0,OPTIDX,PE,NSE_FO
NSE_FO|66603,66603,BANKNIFTY26MAY47600CE,BANKNIFTY,14231.55,2026-05-26,47600.0,0.05,30.0,OPTIDX,CE,NSE_FO
NSE_FO|66604,66604,BANKNIFTY26MAY47600PE,BANKNIFTY,0.4,2026-05-26,47600.0,0.05,30.0,OPTIDX,PE,NSE_FO
NSE_FO|66605,66605,BANKNIFTY26MAY47700CE,BANKNIFTY,14133.25,2026-05-26,47700.0,0.05,30.0,OPTIDX,CE,NSE_FO
NSE_FO|66608,66608,BANKNIFTY26MAY47700PE,BANKNIFTY,0.45,2026-05-26,47700.0,0.05,30.0,OPTIDX,PE,NSE_FO
NSE_FO|66609,66609,BANKNIFTY26MAY47800CE,BANKNIFTY,14034.95,2026-05-26,47800.0,0.05,30.0,OPTIDX,CE,NSE_FO
NSE_FO|66610,66610,BANKNIFTY26MAY47800PE,BANKNIFTY,0.5,2026-05-26,47800.0,0.05,30.0,OPTIDX,PE,NSE_FO
NSE_FO|66611,66611,BANKNIFTY26MAY47900CE,BANKNIFTY,13936.65,2026-05-26,47900.0,0.05,30.0,OPTIDX,CE,NSE_FO
NSE_FO|66612,66612,BANKNIFTY26MAY47900PE,BANKNIFTY,0.55,2026-05-26,47900.0,0.05,30.0,OPTIDX,PE,NSE_FO
NSE_FO|66613,66613,BANKNIFTY26MAY48000CE,BANKNIFTY,7538.0,2026-05-26,48000.0,0.05,30.0,OPTIDX,CE,NSE_FO
NSE_FO|66614,66614,BANKNIFTY26MAY48000PE,BANKNIFTY,41.35,2026-05-26,48000.0,0.05,30.0,OPTIDX,PE,NSE_FO
NSE_FO|66615,66615,BANKNIFTY26MAY48100CE,BANKNIFTY,13740.05,2026-05-26,48100.0,0.05,30.0,OPTIDX,CE,NSE_FO
NSE_FO|66628,66628,BANKNIFTY26MAY48100PE,BANKNIFTY,0.65,2026-05-26,48100.0,0.05,30.0,OPTIDX,PE,NSE_FO
NSE_FO|66634,66634,BANKNIFTY26MAY48200CE,BANKNIFTY,13641.75,2026-05-26,48200.0,0.05,30.0,OPTIDX,CE,NSE_FO
NSE_FO|66635,66635,BANKNIFTY26MAY48200PE,BANKNIFTY,0.75,2026-05-26,48200.0,0.05,30.0,OPTIDX,PE,NSE_FO
NSE_FO|66636,66636,BANKNIFTY26MAY48300CE,BANKNIFTY,13543.45,2026-05-26,48300.0,0.05,30.0,OPTIDX,CE,NSE_FO
NSE_FO|66637,66637,BANKNIFTY26MAY48300PE,BANKNIFTY,0.8,2026-05-26,48300.0,0.05,30.0,OPTIDX,PE,NSE_FO
NSE_FO|66638,66638,BANKNIFTY26MAY48400CE,BANKNIFTY,13445.2,2026-05-26,48400.0,0.05,30.0,OPTIDX,CE,NSE_FO
NSE_FO|66639,66639,BANKNIFTY26MAY48400PE,BANKNIFTY,0.9,2026-05-26,48400.0,0.05,30.0,OPTIDX,PE,NSE_FO
NSE_FO|66640,66640,BANKNIFTY26MAY48500CE,BANKNIFTY,8150.0,2026-05-26,48500.0,0.05,30.0,OPTIDX,CE,NSE_FO
NSE_FO|66643,66643,BANKNIFTY26MAY48500PE,BANKNIFTY,50.5,2026-05-26,48500.0,0.05,30.0,OPTIDX,PE,NSE_FO
NSE_FO|66644,66644,BANKNIFTY26MAY48600CE,BANKNIFTY,13248.7,2026-05-26,48600.0,0.05,30.0,OPTIDX,CE,NSE_FO
NSE_FO|66645,66645,BANKNIFTY26MAY48600PE,BANKNIFTY,1.05,2026-05-26,48600.0,0.05,30.0,OPTIDX,PE,NSE_FO
NSE_FO|66646,66646,BANKNIFTY26MAY48700CE,BANKNIFTY,13150.45,2026-05-26,48700.0,0.05,30.0,OPTIDX,CE,NSE_FO
NSE_FO|66647,66647,BANKNIFTY26MAY48700PE,BANKNIFTY,1.2,2026-05-26,48700.0,0.05,30.0,OPTIDX,PE,NSE_FO
NSE_FO|66648,66648,BANKNIFTY26MAY48800CE,BANKNIFTY,13052.2,2026-05-26,48800.0,0.05,30.0,OPTIDX,CE,NSE_FO
NSE_FO|66649,66649,BANKNIFTY26MAY48800PE,BANKNIFTY,1.3,2026-05-26,48800.0,0.05,30.0,OPTIDX,PE,NSE_FO
NSE_FO|66650,66650,BANKNIFTY26MAY48900CE,BANKNIFTY,7361.0,2026-05-26,48900.0,0.05,30.0,OPTIDX,CE,NSE_FO
NSE_FO|66651,66651,BANKNIFTY26MAY48900PE,BANKNIFTY,1.4,2026-05-26,48900.0,0.05,30.0,OPTIDX,PE,NSE_FO
NSE_FO|66652,66652,BANKNIFTY26MAY49000CE,BANKNIFTY,6920.0,2026-05-26,49000.0,0.05,30.0,OPTIDX,CE,NSE_FO
NSE_FO|66653,66653,BANKNIFTY26MAY49000PE,BANKNIFTY,62.4,2026-05-26,49000.0,0.05,30.0,OPTIDX,PE,NSE_FO
NSE_FO|66654,66654,BANKNIFTY26MAY49100CE,BANKNIFTY,7244.0,2026-05-26,49100.0,0.05,30.0,OPTIDX,CE,NSE_FO
NSE_FO|66655,66655,BANKNIFTY26MAY49100PE,BANKNIFTY,1.7,2026-05-26,49100.0,0.05,30.0,OPTIDX,PE,NSE_FO
NSE_FO|66656,66656,BANKNIFTY26MAY49200CE,BANKNIFTY,12659.35,2026-05-26,49200.0,0.05,30.0,OPTIDX,CE,NSE_FO
NSE_FO|66657,66657,BANKNIFTY26MAY49200PE,BANKNIFTY,67.35,2026-05-26,49200.0,0.05,30.0,OPTIDX,PE,NSE_FO
NSE_FO|66658,66658,BANKNIFTY26MAY49300CE,BANKNIFTY,12561.2,2026-05-26,49300.0,0.05,30.0,OPTIDX,CE,NSE_FO
NSE_FO|66659,66659,BANKNIFTY26MAY49300PE,BANKNIFTY,2.05,2026-05-26,49300.0,0.05,30.0,OPTIDX,PE,NSE_FO
NSE_FO|66660,66660,BANKNIFTY26MAY49400CE,BANKNIFTY,3202.1,2026-05-26,49400.0,0.05,30.0,OPTIDX,CE,NSE_FO
NSE_FO|66661,66661,BANKNIFTY26MAY49400PE,BANKNIFTY,2.25,2026-05-26,49400.0,0.05,30.0,OPTIDX,PE,NSE_FO
NSE_FO|66662,66662,BANKNIFTY26MAY49500CE,BANKNIFTY,6578.2,2026-05-26,49500.0,0.05,30.0,OPTIDX,CE,NSE_FO
NSE_FO|66663,66663,BANKNIFTY26MAY49500PE,BANKNIFTY,78.5,2026-05-26,49500.0,0.05,30.0,OPTIDX,PE,NSE_FO
NSE_FO|66664,66664,BANKNIFTY26MAY49600CE,BANKNIFTY,5849.0,2026-05-26,49600.0,0.05,30.0,OPTIDX,CE,NSE_FO
NSE_FO|66666,66666,BANKNIFTY26MAY49600PE,BANKNIFTY,2.7,2026-05-26,49600.0,0.05,30.0,OPTIDX,PE,NSE_FO
NSE_FO|66667,66667,BANKNIFTY26MAY49700CE,BANKNIFTY,12168.65,2026-05-26,49700.0,0.05,30.0,OPTIDX,CE,NSE_FO
NSE_FO|66668,66668,BANKNIFTY26MAY49700PE,BANKNIFTY,2.95,2026-05-26,49700.0,0.05,30.0,OPTIDX,PE,NSE_FO
NSE_FO|66675,66675,BANKNIFTY26MAY49800CE,BANKNIFTY,5672.7,2026-05-26,49800.0,0.05,30.0,OPTIDX,CE,NSE_FO
NSE_FO|66676,66676,BANKNIFTY26MAY49800PE,BANKNIFTY,88.25,2026-05-26,49800.0,0.05,30.0,OPTIDX,PE,NSE_FO
NSE_FO|66677,66677,BANKNIFTY26MAY49900CE,BANKNIFTY,11972.5,2026-05-26,49900.0,0.05,30.0,OPTIDX,CE,NSE_FO
NSE_FO|66678,66678,BANKNIFTY26MAY49900PE,BANKNIFTY,97.0,2026-05-26,49900.0,0.05,30.0,OPTIDX,PE,NSE_FO
NSE_FO|66683,66683,BANKNIFTY26MAY50000CE,BANKNIFTY,5715.9,2026-05-26,50000.0,0.05,30.0,OPTIDX,CE,NSE_FO
NSE_FO|66684,66684,BANKNIFTY26MAY50000PE,BANKNIFTY,99.35,2026-05-26,50000.0,0.05,30.0,OPTIDX,PE,NSE_FO
NSE_FO|66742,66742,BANKNIFTY26MAY50100CE,BANKNIFTY,11776.45,2026-05-26,50100.0,0.05,30.0,OPTIDX,CE,NSE_FO
NSE_FO|66743,66743,BANKNIFTY26MAY50100PE,BANKNIFTY,4.15,2026-05-26,50100.0,0.05,30.0,OPTIDX,PE,NSE_FO
NSE_FO|66744,66744,BANKNIFTY26MAY50200CE,BANKNIFTY,5332.1,2026-05-26,50200.0,0.05,30.0,OPTIDX,CE,NSE_FO
NSE_FO|66745,66745,BANKNIFTY26MAY50200PE,BANKNIFTY,4.5,2026-05-26,50200.0,0.05,30.0,OPTIDX,PE,NSE_FO
NSE_FO|66746,66746,BANKNIFTY26MAY50300CE,BANKNIFTY,5228.4,2026-05-26,50300.0,0.05,30.0,OPTIDX,CE,NSE_FO
NSE_FO|66747,66747,BANKNIFTY26MAY50300PE,BANKNIFTY,1163.35,2026-05-26,50300.0,0.05,30.0,OPTIDX,PE,NSE_FO
NSE_FO|66748,66748,BANKNIFTY26MAY50400CE,BANKNIFTY,3633.85,2026-05-26,50400.0,0.05,30.0,OPTIDX,CE,NSE_FO
NSE_FO|66749,66749,BANKNIFTY26MAY50400PE,BANKNIFTY,5.3,2026-05-26,50400.0,0.05,30.0,OPTIDX,PE,NSE_FO
NSE_FO|66750,66750,BANKNIFTY26MAY50500CE,BANKNIFTY,5460.75,2026-05-26,50500.0,0.05,30.0,OPTIDX,CE,NSE_FO
NSE_FO|66754,66754,BANKNIFTY26MAY50500PE,BANKNIFTY,119.75,2026-05-26,50500.0,0.05,30.0,OPTIDX,PE,NSE_FO
NSE_FO|66755,66755,BANKNIFTY26MAY50600CE,BANKNIFTY,7075.0,2026-05-26,50600.0,0.05,30.0,OPTIDX,CE,NSE_FO
NSE_FO|66756,66756,BANKNIFTY26MAY50600PE,BANKNIFTY,6.25,2026-05-26,50600.0,0.05,30.0,OPTIDX,PE,NSE_FO
NSE_FO|66757,66757,BANKNIFTY26MAY50700CE,BANKNIFTY,5411.1,2026-05-26,50700.0,0.05,30.0,OPTIDX,CE,NSE_FO
NSE_FO|66758,66758,BANKNIFTY26MAY50700PE,BANKNIFTY,6.75,2026-05-26,50700.0,0.05,30.0,OPTIDX,PE,NSE_FO
NSE_FO|66759,66759,BANKNIFTY26MAY50800CE,BANKNIFTY,5393.7,2026-05-26,50800.0,0.05,30.0,OPTIDX,CE,NSE_FO
NSE_FO|66760,66760,BANKNIFTY26MAY50800PE,BANKNIFTY,146.3,2026-05-26,50800.0,0.05,30.0,OPTIDX,PE,NSE_FO
NSE_FO|66761,66761,BANKNIFTY26MAY50900CE,BANKNIFTY,5000.0,2026-05-26,50900.0,0.05,30.0,OPTIDX,CE,NSE_FO
NSE_FO|66762,66762,BANKNIFTY26MAY50900PE,BANKNIFTY,151.15,2026-05-26,50900.0,0.05,30.0,OPTIDX,PE,NSE_FO
NSE_FO|66763,66763,BANKNIFTY26MAY51000CE,BANKNIFTY,4897.65,2026-05-26,51000.0,0.05,30.0,OPTIDX,CE,NSE_FO
NSE_FO|66764,66764,BANKNIFTY26MAY51000PE,BANKNIFTY,154.7,2026-05-26,51000.0,0.05,30.0,OPTIDX,PE,NSE_FO
NSE_FO|66765,66765,BANKNIFTY26MAY51100CE,BANKNIFTY,5184.9,2026-05-26,51100.0,0.05,30.0,OPTIDX,CE,NSE_FO
NSE_FO|66766,66766,BANKNIFTY26MAY51100PE,BANKNIFTY,165.25,2026-05-26,51100.0,0.05,30.0,OPTIDX,PE,NSE_FO
NSE_FO|66767,66767,BANKNIFTY26MAY51200CE,BANKNIFTY,4694.2,2026-05-26,51200.0,0.05,30.0,OPTIDX,CE,NSE_FO
NSE_FO|66768,66768,BANKNIFTY26MAY51200PE,BANKNIFTY,175.55,2026-05-26,51200.0,0.05,30.0,OPTIDX,PE,NSE_FO
NSE_FO|66769,66769,BANKNIFTY26MAY51300CE,BANKNIFTY,4608.0,2026-05-26,51300.0,0.05,30.0,OPTIDX,CE,NSE_FO
NSE_FO|66770,66770,BANKNIFTY26MAY51300PE,BANKNIFTY,184.2,2026-05-26,51300.0,0.05,30.0,OPTIDX,PE,NSE_FO
NSE_FO|66771,66771,BANKNIFTY26MAY51400CE,BANKNIFTY,5050.0,2026-05-26,51400.0,0.05,30.0,OPTIDX,CE,NSE_FO
NSE_FO|66772,66772,BANKNIFTY26MAY51400PE,BANKNIFTY,189.9,2026-05-26,51400.0,0.05,30.0,OPTIDX,PE,NSE_FO
NSE_FO|66773,66773,BANKNIFTY26MAY51500CE,BANKNIFTY,4353.75,2026-05-26,51500.0,0.05,30.0,OPTIDX,CE,NSE_FO
NSE_FO|66774,66774,BANKNIFTY26MAY51500PE,BANKNIFTY,196.15,2026-05-26,51500.0,0.05,30.0,OPTIDX,PE,NSE_FO
NSE_FO|66775,66775,BANKNIFTY26MAY51600CE,BANKNIFTY,4361.95,2026-05-26,51600.0,0.05,30.0,OPTIDX,CE,NSE_FO
NSE_FO|66796,66796,BANKNIFTY26MAY51600PE,BANKNIFTY,210.6,2026-05-26,51600.0,0.05,30.0,OPTIDX,PE,NSE_FO
NSE_FO|66797,66797,BANKNIFTY26MAY51700CE,BANKNIFTY,6000.0,2026-05-26,51700.0,0.05,30.0,OPTIDX,CE,NSE_FO
NSE_FO|66798,66798,BANKNIFTY26MAY51700PE,BANKNIFTY,216.75,2026-05-26,51700.0,0.05,30.0,OPTIDX,PE,NSE_FO
NSE_FO|66799,66799,BANKNIFTY26MAY51800CE,BANKNIFTY,6002.85,2026-05-26,51800.0,0.05,30.0,OPTIDX,CE,NSE_FO
NSE_FO|66800,66800,BANKNIFTY26MAY51800PE,BANKNIFTY,222.65,2026-05-26,51800.0,0.05,30.0,OPTIDX,PE,NSE_FO
NSE_FO|66801,66801,BANKNIFTY26MAY51900CE,BANKNIFTY,4700.0,2026-05-26,51900.0,0.05,30.0,OPTIDX,CE,NSE_FO
NSE_FO|66815,66815,BANKNIFTY26MAY51900PE,BANKNIFTY,235.7,2026-05-26,51900.0,0.05,30.0,OPTIDX,PE,NSE_FO
NSE_FO|66816,66816,BANKNIFTY26MAY52000CE,BANKNIFTY,3936.45,2026-05-26,52000.0,0.05,30.0,OPTIDX,CE,NSE_FO
NSE_FO|66817,66817,BANKNIFTY26MAY52000PE,BANKNIFTY,245.4,2026-05-26,52000.0,0.05,30.0,OPTIDX,PE,NSE_FO
NSE_FO|67068,67068,BANKNIFTY26MAY52100CE,BANKNIFTY,3965.0,2026-05-26,52100.0,0.05,30.0,OPTIDX,CE,NSE_FO
NSE_FO|67069,67069,BANKNIFTY26MAY52100PE,BANKNIFTY,253.7,2026-05-26,52100.0,0.05,30.0,OPTIDX,PE,NSE_FO
NSE_FO|67070,67070,BANKNIFTY26MAY52200CE,BANKNIFTY,3766.85,2026-05-26,52200.0,0.05,30.0,OPTIDX,CE,NSE_FO
NSE_FO|67071,67071,BANKNIFTY26MAY52200PE,BANKNIFTY,266.2,2026-05-26,52200.0,0.05,30.0,OPTIDX,PE,NSE_FO
NSE_FO|67080,67080,BANKNIFTY26MAY52300CE,BANKNIFTY,4548.75,2026-05-26,52300.0,0.05,30.0,OPTIDX,CE,NSE_FO
NSE_FO|67081,67081,BANKNIFTY26MAY52300PE,BANKNIFTY,275.95,2026-05-26,52300.0,0.05,30.0,OPTIDX,PE,NSE_FO
NSE_FO|67084,67084,BANKNIFTY26MAY52400CE,BANKNIFTY,4183.5,2026-05-26,52400.0,0.05,30.0,OPTIDX,CE,NSE_FO
NSE_FO|67085,67085,BANKNIFTY26MAY52400PE,BANKNIFTY,289.95,2026-05-26,52400.0,0.05,30.0,OPTIDX,PE,NSE_FO
NSE_FO|67087,67087,BANKNIFTY26MAY52500CE,BANKNIFTY,3486.5,2026-05-26,52500.0,0.05,30.0,OPTIDX,CE,NSE_FO
NSE_FO|67088,67088,BANKNIFTY26MAY52500PE,BANKNIFTY,304.85,2026-05-26,52500.0,0.05,30.0,OPTIDX,PE,NSE_FO
NSE_FO|67089,67089,BANKNIFTY26MAY52600CE,BANKNIFTY,3518.4,2026-05-26,52600.0,0.05,30.0,OPTIDX,CE,NSE_FO
NSE_FO|67090,67090,BANKNIFTY26MAY52600PE,BANKNIFTY,324.05,2026-05-26,52600.0,0.05,30.0,OPTIDX,PE,NSE_FO
NSE_FO|67091,67091,BANKNIFTY26MAY52700CE,BANKNIFTY,3370.65,2026-05-26,52700.0,0.05,30.0,OPTIDX,CE,NSE_FO
NSE_FO|67096,67096,BANKNIFTY26MAY52700PE,BANKNIFTY,333.8,2026-05-26,52700.0,0.05,30.0,OPTIDX,PE,NSE_FO
NSE_FO|67097,67097,BANKNIFTY26MAY52800CE,BANKNIFTY,3450.0,2026-05-26,52800.0,0.05,30.0,OPTIDX,CE,NSE_FO
NSE_FO|67098,67098,BANKNIFTY26MAY52800PE,BANKNIFTY,347.35,2026-05-26,52800.0,0.05,30.0,OPTIDX,PE,NSE_FO
NSE_FO|67099,67099,BANKNIFTY26MAY52900CE,BANKNIFTY,3365.0,2026-05-26,52900.0,0.05,30.0,OPTIDX,CE,NSE_FO
NSE_FO|67102,67102,BANKNIFTY26MAY52900PE,BANKNIFTY,366.2,2026-05-26,52900.0,0.05,30.0,OPTIDX,PE,NSE_FO
NSE_FO|67114,67114,BANKNIFTY26MAY53000CE,BANKNIFTY,3075.4,2026-05-26,53000.0,0.05,30.0,OPTIDX,CE,NSE_FO
NSE_FO|67115,67115,BANKNIFTY26MAY53000PE,BANKNIFTY,381.85,2026-05-26,53000.0,0.05,30.0,OPTIDX,PE,NSE_FO
NSE_FO|67116,67116,BANKNIFTY26MAY53100CE,BANKNIFTY,3197.9,2026-05-26,53100.0,0.05,30.0,OPTIDX,CE,NSE_FO
NSE_FO|67117,67117,BANKNIFTY26MAY53100PE,BANKNIFTY,397.9,2026-05-26,53100.0,0.05,30.0,OPTIDX,PE,NSE_FO
NSE_FO|67118,67118,BANKNIFTY26MAY53200CE,BANKNIFTY,2962.05,2026-05-26,53200.0,0.05,30.0,OPTIDX,CE,NSE_FO
NSE_FO|67119,67119,BANKNIFTY26MAY53200PE,BANKNIFTY,428.6,2026-05-26,53200.0,0.05,30.0,OPTIDX,PE,NSE_FO
NSE_FO|67120,67120,BANKNIFTY26MAY53300CE,BANKNIFTY,2852.0,2026-05-26,53300.0,0.05,30.0,OPTIDX,CE,NSE_FO
NSE_FO|67176,67176,BANKNIFTY26MAY53300PE,BANKNIFTY,441.9,2026-05-26,53300.0,0.05,30.0,OPTIDX,PE,NSE_FO
NSE_FO|67177,67177,BANKNIFTY26MAY53400CE,BANKNIFTY,2761.8,2026-05-26,53400.0,0.05,30.0,OPTIDX,CE,NSE_FO
NSE_FO|67182,67182,BANKNIFTY26MAY53400PE,BANKNIFTY,474.3,2026-05-26,53400.0,0.05,30.0,OPTIDX,PE,NSE_FO
NSE_FO|67184,67184,BANKNIFTY26MAY53500CE,BANKNIFTY,2707.55,2026-05-26,53500.0,0.05,30.0,OPTIDX,CE,NSE_FO
NSE_FO|67187,67187,BANKNIFTY26MAY53500PE,BANKNIFTY,476.55,2026-05-26,53500.0,0.05,30.0,OPTIDX,PE,NSE_FO
NSE_FO|67188,67188,BANKNIFTY26MAY53600CE,BANKNIFTY,2742.7,2026-05-26,53600.0,0.05,30.0,OPTIDX,CE,NSE_FO
NSE_FO|67189,67189,BANKNIFTY26MAY53600PE,BANKNIFTY,505.15,2026-05-26,53600.0,0.05,30.0,OPTIDX,PE,NSE_FO
NSE_FO|67190,67190,BANKNIFTY26MAY53700CE,BANKNIFTY,2831.1,2026-05-26,53700.0,0.05,30.0,OPTIDX,CE,NSE_FO
NSE_FO|67191,67191,BANKNIFTY26MAY53700PE,BANKNIFTY,519.65,2026-05-26,53700.0,0.05,30.0,OPTIDX,PE,NSE_FO
NSE_FO|67196,67196,BANKNIFTY26MAY53800CE,BANKNIFTY,2454.35,2026-05-26,53800.0,0.05,30.0,OPTIDX,CE,NSE_FO
NSE_FO|67197,67197,BANKNIFTY26MAY53800PE,BANKNIFTY,553.5,2026-05-26,53800.0,0.05,30.0,OPTIDX,PE,NSE_FO
NSE_FO|67198,67198,BANKNIFTY26MAY53900CE,BANKNIFTY,2542.7,2026-05-26,53900.0,0.05,30.0,OPTIDX,CE,NSE_FO
NSE_FO|67199,67199,BANKNIFTY26MAY53900PE,BANKNIFTY,569.0,2026-05-26,53900.0,0.05,30.0,OPTIDX,PE,NSE_FO
NSE_FO|67200,67200,BANKNIFTY26MAY54000CE,BANKNIFTY,2330.6,2026-05-26,54000.0,0.05,30.0,OPTIDX,CE,NSE_FO
NSE_FO|67201,67201,BANKNIFTY26MAY54000PE,BANKNIFTY,593.9,2026-05-26,54000.0,0.05,30.0,OPTIDX,PE,NSE_FO
NSE_FO|67202,67202,BANKNIFTY26MAY54100CE,BANKNIFTY,2325.45,2026-05-26,54100.0,0.05,30.0,OPTIDX,CE,NSE_FO
NSE_FO|67203,67203,BANKNIFTY26MAY54100PE,BANKNIFTY,610.75,2026-05-26,54100.0,0.05,30.0,OPTIDX,PE,NSE_FO
NSE_FO|67204,67204,BANKNIFTY26MAY54200CE,BANKNIFTY,2182.2,2026-05-26,54200.0,0.05,30.0,OPTIDX,CE,NSE_FO
NSE_FO|67205,67205,BANKNIFTY26MAY54200PE,BANKNIFTY,645.8,2026-05-26,54200.0,0.05,30.0,OPTIDX,PE,NSE_FO
NSE_FO|67206,67206,BANKNIFTY26MAY54300CE,BANKNIFTY,2101.7,2026-05-26,54300.0,0.05,30.0,OPTIDX,CE,NSE_FO
NSE_FO|67214,67214,BANKNIFTY26MAY54300PE,BANKNIFTY,672.5,2026-05-26,54300.0,0.05,30.0,OPTIDX,PE,NSE_FO
NSE_FO|67215,67215,BANKNIFTY26MAY54400CE,BANKNIFTY,2080.9,2026-05-26,54400.0,0.05,30.0,OPTIDX,CE,NSE_FO
NSE_FO|67224,67224,BANKNIFTY26MAY54400PE,BANKNIFTY,703.95,2026-05-26,54400.0,0.05,30.0,OPTIDX,PE,NSE_FO
NSE_FO|67225,67225,BANKNIFTY26MAY54500CE,BANKNIFTY,1950.25,2026-05-26,54500.0,0.05,30.0,OPTIDX,CE,NSE_FO
NSE_FO|67226,67226,BANKNIFTY26MAY54500PE,BANKNIFTY,727.25,2026-05-26,54500.0,0.05,30.0,OPTIDX,PE,NSE_FO
NSE_FO|67227,67227,BANKNIFTY26MAY54600CE,BANKNIFTY,1937.9,2026-05-26,54600.0,0.05,30.0,OPTIDX,CE,NSE_FO
NSE_FO|67249,67249,BANKNIFTY26MAY54600PE,BANKNIFTY,755.75,2026-05-26,54600.0,0.05,30.0,OPTIDX,PE,NSE_FO
NSE_FO|67250,67250,BANKNIFTY26MAY54700CE,BANKNIFTY,1838.0,2026-05-26,54700.0,0.05,30.0,OPTIDX,CE,NSE_FO
NSE_FO|67252,67252,BANKNIFTY26MAY54700PE,BANKNIFTY,792.25,2026-05-26,54700.0,0.05,30.0,OPTIDX,PE,NSE_FO
NSE_FO|67255,67255,BANKNIFTY26MAY54800CE,BANKNIFTY,1730.35,2026-05-26,54800.0,0.05,30.0,OPTIDX,CE,NSE_FO
NSE_FO|67256,67256,BANKNIFTY26MAY54800PE,BANKNIFTY,821.1,2026-05-26,54800.0,0.05,30.0,OPTIDX,PE,NSE_FO
NSE_FO|67257,67257,BANKNIFTY26MAY54900CE,BANKNIFTY,1642.2,2026-05-26,54900.0,0.05,30.0,OPTIDX,CE,NSE_FO
NSE_FO|67258,67258,BANKNIFTY26MAY54900PE,BANKNIFTY,853.3,2026-05-26,54900.0,0.05,30.0,OPTIDX,PE,NSE_FO
NSE_FO|67259,67259,BANKNIFTY26MAY55000CE,BANKNIFTY,1637.1,2026-05-26,55000.0,0.05,30.0,OPTIDX,CE,NSE_FO
NSE_FO|67260,67260,BANKNIFTY26MAY55000PE,BANKNIFTY,889.9,2026-05-26,55000.0,0.05,30.0,OPTIDX,PE,NSE_FO
NSE_FO|67263,67263,BANKNIFTY26MAY55100CE,BANKNIFTY,1590.35,2026-05-26,55100.0,0.05,30.0,OPTIDX,CE,NSE_FO
NSE_FO|67264,67264,BANKNIFTY26MAY55100PE,BANKNIFTY,931.35,2026-05-26,55100.0,0.05,30.0,OPTIDX,PE,NSE_FO
NSE_FO|67267,67267,BANKNIFTY26MAY55200CE,BANKNIFTY,1506.2,2026-05-26,55200.0,0.05,30.0,OPTIDX,CE,NSE_FO
NSE_FO|67268,67268,BANKNIFTY26MAY55200PE,BANKNIFTY,974.75,2026-05-26,55200.0,0.05,30.0,OPTIDX,PE,NSE_FO
NSE_FO|67269,67269,BANKNIFTY26MAY55300CE,BANKNIFTY,1441.5,2026-05-26,55300.0,0.05,30.0,OPTIDX,CE,NSE_FO
NSE_FO|67270,67270,BANKNIFTY26MAY55300PE,BANKNIFTY,1015.1,2026-05-26,55300.0,0.05,30.0,OPTIDX,PE,NSE_FO
NSE_FO|67278,67278,BANKNIFTY26MAY55400CE,BANKNIFTY,1400.25,2026-05-26,55400.0,0.05,30.0,OPTIDX,CE,NSE_FO
NSE_FO|67279,67279,BANKNIFTY26MAY55400PE,BANKNIFTY,1047.35,2026-05-26,55400.0,0.05,30.0,OPTIDX,PE,NSE_FO
NSE_FO|67280,67280,BANKNIFTY26MAY55500CE,BANKNIFTY,1334.75,2026-05-26,55500.0,0.05,30.0,OPTIDX,CE,NSE_FO
NSE_FO|67281,67281,BANKNIFTY26MAY55500PE,BANKNIFTY,1099.35,2026-05-26,55500.0,0.05,30.0,OPTIDX,PE,NSE_FO
NSE_FO|67282,67282,BANKNIFTY26MAY55600CE,BANKNIFTY,1275.35,2026-05-26,55600.0,0.05,30.0,OPTIDX,CE,NSE_FO
NSE_FO|67283,67283,BANKNIFTY26MAY55600PE,BANKNIFTY,1137.1,2026-05-26,55600.0,0.05,30.0,OPTIDX,PE,NSE_FO
NSE_FO|67284,67284,BANKNIFTY26MAY55700CE,BANKNIFTY,1233.05,2026-05-26,55700.0,0.05,30.0,OPTIDX,CE,NSE_FO
NSE_FO|67285,67285,BANKNIFTY26MAY55700PE,BANKNIFTY,1179.5,2026-05-26,55700.0,0.05,30.0,OPTIDX,PE,NSE_FO
NSE_FO|67286,67286,BANKNIFTY26MAY55800CE,BANKNIFTY,1198.45,2026-05-26,55800.0,0.05,30.0,OPTIDX,CE,NSE_FO
NSE_FO|67287,67287,BANKNIFTY26MAY55800PE,BANKNIFTY,1213.8,2026-05-26,55800.0,0.05,30.0,OPTIDX,PE,NSE_FO
NSE_FO|67288,67288,BANKNIFTY26MAY55900CE,BANKNIFTY,1125.85,2026-05-26,55900.0,0.05,30.0,OPTIDX,CE,NSE_FO
NSE_FO|67289,67289,BANKNIFTY26MAY55900PE,BANKNIFTY,1276.5,2026-05-26,55900.0,0.05,30.0,OPTIDX,PE,NSE_FO
NSE_FO|67290,67290,BANKNIFTY26MAY56000CE,BANKNIFTY,1080.95,2026-05-26,56000.0,0.05,30.0,OPTIDX,CE,NSE_FO
NSE_FO|67291,67291,BANKNIFTY26MAY56000PE,BANKNIFTY,1311.15,2026-05-26,56000.0,0.05,30.0,OPTIDX,PE,NSE_FO
NSE_FO|67292,67292,BANKNIFTY26MAY56100CE,BANKNIFTY,1035.15,2026-05-26,56100.0,0.05,30.0,OPTIDX,CE,NSE_FO
NSE_FO|67293,67293,BANKNIFTY26MAY56100PE,BANKNIFTY,1361.9,2026-05-26,56100.0,0.05,30.0,OPTIDX,PE,NSE_FO
NSE_FO|67294,67294,BANKNIFTY26MAY56200CE,BANKNIFTY,989.3,2026-05-26,56200.0,0.05,30.0,OPTIDX,CE,NSE_FO
NSE_FO|67295,67295,BANKNIFTY26MAY56200PE,BANKNIFTY,1412.4,2026-05-26,56200.0,0.05,30.0,OPTIDX,PE,NSE_FO
NSE_FO|67296,67296,BANKNIFTY26MAY56300CE,BANKNIFTY,941.7,2026-05-26,56300.0,0.05,30.0,OPTIDX,CE,NSE_FO
NSE_FO|67297,67297,BANKNIFTY26MAY56300PE,BANKNIFTY,1459.0,2026-05-26,56300.0,0.05,30.0,OPTIDX,PE,NSE_FO
NSE_FO|67564,67564,BANKNIFTY26MAY56400CE,BANKNIFTY,894.65,2026-05-26,56400.0,0.05,30.0,OPTIDX,CE,NSE_FO
NSE_FO|67565,67565,BANKNIFTY26MAY56400PE,BANKNIFTY,1505.65,2026-05-26,56400.0,0.05,30.0,OPTIDX,PE,NSE_FO
NSE_FO|67566,67566,BANKNIFTY26MAY56500CE,BANKNIFTY,845.1,2026-05-26,56500.0,0.05,30.0,OPTIDX,CE,NSE_FO
NSE_FO|67567,67567,BANKNIFTY26MAY56500PE,BANKNIFTY,1574.55,2026-05-26,56500.0,0.05,30.0,OPTIDX,PE,NSE_FO
NSE_FO|67568,67568,BANKNIFTY26MAY56600CE,BANKNIFTY,814.9,2026-05-26,56600.0,0.05,30.0,OPTIDX,CE,NSE_FO
NSE_FO|67569,67569,BANKNIFTY26MAY56600PE,BANKNIFTY,1609.0,2026-05-26,56600.0,0.05,30.0,OPTIDX,PE,NSE_FO
NSE_FO|67570,67570,BANKNIFTY26MAY56700CE,BANKNIFTY,762.9,2026-05-26,56700.0,0.05,30.0,OPTIDX,CE,NSE_FO
NSE_FO|67571,67571,BANKNIFTY26MAY56700PE,BANKNIFTY,1685.45,2026-05-26,56700.0,0.05,30.0,OPTIDX,PE,NSE_FO
NSE_FO|67572,67572,BANKNIFTY26MAY56800CE,BANKNIFTY,722.8,2026-05-26,56800.0,0.05,30.0,OPTIDX,CE,NSE_FO
NSE_FO|67573,67573,BANKNIFTY26MAY56800PE,BANKNIFTY,1762.05,2026-05-26,56800.0,0.05,30.0,OPTIDX,PE,NSE_FO
NSE_FO|67574,67574,BANKNIFTY26MAY56900CE,BANKNIFTY,678.8,2026-05-26,56900.0,0.05,30.0,OPTIDX,CE,NSE_FO
NSE_FO|67575,67575,BANKNIFTY26MAY56900PE,BANKNIFTY,1811.45,2026-05-26,56900.0,0.05,30.0,OPTIDX,PE,NSE_FO
NSE_FO|67578,67578,BANKNIFTY26MAY57000CE,BANKNIFTY,649.45,2026-05-26,57000.0,0.05,30.0,OPTIDX,CE,NSE_FO
NSE_FO|67579,67579,BANKNIFTY26MAY57000PE,BANKNIFTY,1873.8,2026-05-26,57000.0,0.05,30.0,OPTIDX,PE,NSE_FO
NSE_FO|67580,67580,BANKNIFTY26MAY57100CE,BANKNIFTY,617.1,2026-05-26,57100.0,0.05,30.0,OPTIDX,CE,NSE_FO
NSE_FO|67581,67581,BANKNIFTY26MAY57100PE,BANKNIFTY,1982.45,2026-05-26,57100.0,0.05,30.0,OPTIDX,PE,NSE_FO
NSE_FO|67582,67582,BANKNIFTY26MAY57200CE,BANKNIFTY,577.95,2026-05-26,57200.0,0.05,30.0,OPTIDX,CE,NSE_FO
NSE_FO|67583,67583,BANKNIFTY26MAY57200PE,BANKNIFTY,1940.55,2026-05-26,57200.0,0.05,30.0,OPTIDX,PE,NSE_FO
NSE_FO|67584,67584,BANKNIFTY26MAY57300CE,BANKNIFTY,533.25,2026-05-26,57300.0,0.05,30.0,OPTIDX,CE,NSE_FO
NSE_FO|67585,67585,BANKNIFTY26MAY57300PE,BANKNIFTY,2062.6,2026-05-26,57300.0,0.05,30.0,OPTIDX,PE,NSE_FO
NSE_FO|67586,67586,BANKNIFTY26MAY57400CE,BANKNIFTY,503.35,2026-05-26,57400.0,0.05,30.0,OPTIDX,CE,NSE_FO
NSE_FO|67588,67588,BANKNIFTY26MAY57400PE,BANKNIFTY,2149.3,2026-05-26,57400.0,0.05,30.0,OPTIDX,PE,NSE_FO
NSE_FO|67589,67589,BANKNIFTY26MAY57500CE,BANKNIFTY,473.05,2026-05-26,57500.0,0.05,30.0,OPTIDX,CE,NSE_FO
NSE_FO|67591,67591,BANKNIFTY26MAY57500PE,BANKNIFTY,2192.0,2026-05-26,57500.0,0.05,30.0,OPTIDX,PE,NSE_FO
NSE_FO|67592,67592,BANKNIFTY26MAY57600CE,BANKNIFTY,440.6,2026-05-26,57600.0,0.05,30.0,OPTIDX,CE,NSE_FO
NSE_FO|67593,67593,BANKNIFTY26MAY57600PE,BANKNIFTY,2253.8,2026-05-26,57600.0,0.05,30.0,OPTIDX,PE,NSE_FO
NSE_FO|67594,67594,BANKNIFTY26MAY57700CE,BANKNIFTY,418.0,2026-05-26,57700.0,0.05,30.0,OPTIDX,CE,NSE_FO
NSE_FO|67595,67595,BANKNIFTY26MAY57700PE,BANKNIFTY,2187.1,2026-05-26,57700.0,0.05,30.0,OPTIDX,PE,NSE_FO
NSE_FO|67596,67596,BANKNIFTY26MAY57800CE,BANKNIFTY,394.9,2026-05-26,57800.0,0.05,30.0,OPTIDX,CE,NSE_FO
NSE_FO|67597,67597,BANKNIFTY26MAY57800PE,BANKNIFTY,2316.15,2026-05-26,57800.0,0.05,30.0,OPTIDX,PE,NSE_FO
NSE_FO|67598,67598,BANKNIFTY26MAY57900CE,BANKNIFTY,369.9,2026-05-26,57900.0,0.05,30.0,OPTIDX,CE,NSE_FO
NSE_FO|67599,67599,BANKNIFTY26MAY57900PE,BANKNIFTY,2371.25,2026-05-26,57900.0,0.05,30.0,OPTIDX,PE,NSE_FO
NSE_FO|67602,67602,BANKNIFTY26MAY58000CE,BANKNIFTY,344.5,2026-05-26,58000.0,0.05,30.0,OPTIDX,CE,NSE_FO
NSE_FO|67603,67603,BANKNIFTY26MAY58000PE,BANKNIFTY,2523.15,2026-05-26,58000.0,0.05,30.0,OPTIDX,PE,NSE_FO
NSE_FO|67610,67610,BANKNIFTY26MAY58100CE,BANKNIFTY,322.3,2026-05-26,58100.0,0.05,30.0,OPTIDX,CE,NSE_FO
NSE_FO|67613,67613,BANKNIFTY26MAY58100PE,BANKNIFTY,2737.5,2026-05-26,58100.0,0.05,30.0,OPTIDX,PE,NSE_FO
NSE_FO|67614,67614,BANKNIFTY26MAY58200CE,BANKNIFTY,301.7,2026-05-26,58200.0,0.05,30.0,OPTIDX,CE,NSE_FO
NSE_FO|67615,67615,BANKNIFTY26MAY58200PE,BANKNIFTY,2460.0,2026-05-26,58200.0,0.05,30.0,OPTIDX,PE,NSE_FO
NSE_FO|67616,67616,BANKNIFTY26MAY58300CE,BANKNIFTY,281.6,2026-05-26,58300.0,0.05,30.0,OPTIDX,CE,NSE_FO
NSE_FO|67617,67617,BANKNIFTY26MAY58300PE,BANKNIFTY,2190.0,2026-05-26,58300.0,0.05,30.0,OPTIDX,PE,NSE_FO
NSE_FO|67618,67618,BANKNIFTY26MAY58400CE,BANKNIFTY,268.4,2026-05-26,58400.0,0.05,30.0,OPTIDX,CE,NSE_FO
NSE_FO|67619,67619,BANKNIFTY26MAY58400PE,BANKNIFTY,2676.9,2026-05-26,58400.0,0.05,30.0,OPTIDX,PE,NSE_FO
NSE_FO|67620,67620,BANKNIFTY26MAY58500CE,BANKNIFTY,242.25,2026-05-26,58500.0,0.05,30.0,OPTIDX,CE,NSE_FO
NSE_FO|67621,67621,BANKNIFTY26MAY58500PE,BANKNIFTY,2921.8,2026-05-26,58500.0,0.05,30.0,OPTIDX,PE,NSE_FO
NSE_FO|67622,67622,BANKNIFTY26MAY58600CE,BANKNIFTY,227.35,2026-05-26,58600.0,0.05,30.0,OPTIDX,CE,NSE_FO
NSE_FO|67623,67623,BANKNIFTY26MAY58600PE,BANKNIFTY,2941.35,2026-05-26,58600.0,0.05,30.0,OPTIDX,PE,NSE_FO
NSE_FO|67625,67625,BANKNIFTY26MAY58700CE,BANKNIFTY,207.45,2026-05-26,58700.0,0.05,30.0,OPTIDX,CE,NSE_FO
NSE_FO|67653,67653,BANKNIFTY26MAY58700PE,BANKNIFTY,2922.0,2026-05-26,58700.0,0.05,30.0,OPTIDX,PE,NSE_FO
NSE_FO|67654,67654,BANKNIFTY26MAY58800CE,BANKNIFTY,195.1,2026-05-26,58800.0,0.05,30.0,OPTIDX,CE,NSE_FO
NSE_FO|67655,67655,BANKNIFTY26MAY58800PE,BANKNIFTY,2295.55,2026-05-26,58800.0,0.05,30.0,OPTIDX,PE,NSE_FO
NSE_FO|67656,67656,BANKNIFTY26MAY58900CE,BANKNIFTY,177.6,2026-05-26,58900.0,0.05,30.0,OPTIDX,CE,NSE_FO
NSE_FO|67657,67657,BANKNIFTY26MAY58900PE,BANKNIFTY,2401.3,2026-05-26,58900.0,0.05,30.0,OPTIDX,PE,NSE_FO
NSE_FO|67660,67660,BANKNIFTY26MAY59000CE,BANKNIFTY,165.4,2026-05-26,59000.0,0.05,30.0,OPTIDX,CE,NSE_FO
NSE_FO|67661,67661,BANKNIFTY26MAY59000PE,BANKNIFTY,3377.7,2026-05-26,59000.0,0.05,30.0,OPTIDX,PE,NSE_FO
NSE_FO|67752,67752,BANKNIFTY26MAY59100CE,BANKNIFTY,157.35,2026-05-26,59100.0,0.05,30.0,OPTIDX,CE,NSE_FO
NSE_FO|67757,67757,BANKNIFTY26MAY59100PE,BANKNIFTY,2964.7,2026-05-26,59100.0,0.05,30.0,OPTIDX,PE,NSE_FO
NSE_FO|67758,67758,BANKNIFTY26MAY59200CE,BANKNIFTY,145.9,2026-05-26,59200.0,0.05,30.0,OPTIDX,CE,NSE_FO
NSE_FO|67759,67759,BANKNIFTY26MAY59200PE,BANKNIFTY,3621.65,2026-05-26,59200.0,0.05,30.0,OPTIDX,PE,NSE_FO
NSE_FO|67803,67803,BANKNIFTY26MAY59300CE,BANKNIFTY,135.5,2026-05-26,59300.0,0.05,30.0,OPTIDX,CE,NSE_FO
NSE_FO|67804,67804,BANKNIFTY26MAY59300PE,BANKNIFTY,3164.65,2026-05-26,59300.0,0.05,30.0,OPTIDX,PE,NSE_FO
NSE_FO|67806,67806,BANKNIFTY26MAY59400CE,BANKNIFTY,129.6,2026-05-26,59400.0,0.05,30.0,OPTIDX,CE,NSE_FO
NSE_FO|67807,67807,BANKNIFTY26MAY59400PE,BANKNIFTY,3697.25,2026-05-26,59400.0,0.05,30.0,OPTIDX,PE,NSE_FO
NSE_FO|67808,67808,BANKNIFTY26MAY59500CE,BANKNIFTY,116.65,2026-05-26,59500.0,0.05,30.0,OPTIDX,CE,NSE_FO
NSE_FO|67809,67809,BANKNIFTY26MAY59500PE,BANKNIFTY,3783.05,2026-05-26,59500.0,0.05,30.0,OPTIDX,PE,NSE_FO
NSE_FO|67810,67810,BANKNIFTY26MAY59600CE,BANKNIFTY,106.6,2026-05-26,59600.0,0.05,30.0,OPTIDX,CE,NSE_FO
NSE_FO|67812,67812,BANKNIFTY26MAY59600PE,BANKNIFTY,3627.55,2026-05-26,59600.0,0.05,30.0,OPTIDX,PE,NSE_FO
NSE_FO|67813,67813,BANKNIFTY26MAY59700CE,BANKNIFTY,98.1,2026-05-26,59700.0,0.05,30.0,OPTIDX,CE,NSE_FO
NSE_FO|67814,67814,BANKNIFTY26MAY59700PE,BANKNIFTY,3650.0,2026-05-26,59700.0,0.05,30.0,OPTIDX,PE,NSE_FO
NSE_FO|67989,67989,BANKNIFTY26MAY59800CE,BANKNIFTY,95.65,2026-05-26,59800.0,0.05,30.0,OPTIDX,CE,NSE_FO
NSE_FO|67991,67991,BANKNIFTY26MAY59800PE,BANKNIFTY,3280.0,2026-05-26,59800.0,0.05,30.0,OPTIDX,PE,NSE_FO
NSE_FO|67992,67992,BANKNIFTY26MAY59900CE,BANKNIFTY,88.0,2026-05-26,59900.0,0.05,30.0,OPTIDX,CE,NSE_FO
NSE_FO|67995,67995,BANKNIFTY26MAY59900PE,BANKNIFTY,3649.85,2026-05-26,59900.0,0.05,30.0,OPTIDX,PE,NSE_FO
NSE_FO|67996,67996,BANKNIFTY26MAY60000CE,BANKNIFTY,78.65,2026-05-26,60000.0,0.05,30.0,OPTIDX,CE,NSE_FO
NSE_FO|67999,67999,BANKNIFTY26MAY60000PE,BANKNIFTY,4235.3,2026-05-26,60000.0,0.05,30.0,OPTIDX,PE,NSE_FO
NSE_FO|68000,68000,BANKNIFTY26MAY60100CE,BANKNIFTY,77.6,2026-05-26,60100.0,0.05,30.0,OPTIDX,CE,NSE_FO
NSE_FO|68003,68003,BANKNIFTY26MAY60100PE,BANKNIFTY,4256.0,2026-05-26,60100.0,0.05,30.0,OPTIDX,PE,NSE_FO
NSE_FO|68004,68004,BANKNIFTY26MAY60200CE,BANKNIFTY,69.45,2026-05-26,60200.0,0.05,30.0,OPTIDX,CE,NSE_FO
NSE_FO|68007,68007,BANKNIFTY26MAY60200PE,BANKNIFTY,4220.0,2026-05-26,60200.0,0.05,30.0,OPTIDX,PE,NSE_FO
NSE_FO|68010,68010,BANKNIFTY26MAY60300CE,BANKNIFTY,65.25,2026-05-26,60300.0,0.05,30.0,OPTIDX,CE,NSE_FO
NSE_FO|68020,68020,BANKNIFTY26MAY60300PE,BANKNIFTY,3930.55,2026-05-26,60300.0,0.05,30.0,OPTIDX,PE,NSE_FO
NSE_FO|68046,68046,BANKNIFTY26MAY60400CE,BANKNIFTY,61.7,2026-05-26,60400.0,0.05,30.0,OPTIDX,CE,NSE_FO
NSE_FO|68047,68047,BANKNIFTY26MAY60400PE,BANKNIFTY,4130.0,2026-05-26,60400.0,0.05,30.0,OPTIDX,PE,NSE_FO
NSE_FO|68048,68048,BANKNIFTY26MAY60500CE,BANKNIFTY,56.5,2026-05-26,60500.0,0.05,30.0,OPTIDX,CE,NSE_FO
NSE_FO|68049,68049,BANKNIFTY26MAY60500PE,BANKNIFTY,4712.55,2026-05-26,60500.0,0.05,30.0,OPTIDX,PE,NSE_FO
NSE_FO|68050,68050,BANKNIFTY26MAY60600CE,BANKNIFTY,51.9,2026-05-26,60600.0,0.05,30.0,OPTIDX,CE,NSE_FO
NSE_FO|68051,68051,BANKNIFTY26MAY60600PE,BANKNIFTY,4579.6,2026-05-26,60600.0,0.05,30.0,OPTIDX,PE,NSE_FO
NSE_FO|68072,68072,BANKNIFTY26MAY60700CE,BANKNIFTY,50.0,2026-05-26,60700.0,0.05,30.0,OPTIDX,CE,NSE_FO
NSE_FO|68073,68073,BANKNIFTY26MAY60700PE,BANKNIFTY,4330.05,2026-05-26,60700.0,0.05,30.0,OPTIDX,PE,NSE_FO
NSE_FO|68076,68076,BANKNIFTY26MAY60800CE,BANKNIFTY,47.85,2026-05-26,60800.0,0.05,30.0,OPTIDX,CE,NSE_FO
NSE_FO|68077,68077,BANKNIFTY26MAY60800PE,BANKNIFTY,4339.95,2026-05-26,60800.0,0.05,30.0,OPTIDX,PE,NSE_FO
NSE_FO|68078,68078,BANKNIFTY26MAY60900CE,BANKNIFTY,43.55,2026-05-26,60900.0,0.05,30.0,OPTIDX,CE,NSE_FO
NSE_FO|68079,68079,BANKNIFTY26MAY60900PE,BANKNIFTY,7396.6,2026-05-26,60900.0,0.05,30.0,OPTIDX,PE,NSE_FO
NSE_FO|68080,68080,BANKNIFTY26MAY61000CE,BANKNIFTY,40.15,2026-05-26,61000.0,0.05,30.0,OPTIDX,CE,NSE_FO
NSE_FO|68081,68081,BANKNIFTY26MAY61000PE,BANKNIFTY,5119.25,2026-05-26,61000.0,0.05,30.0,OPTIDX,PE,NSE_FO
NSE_FO|68082,68082,BANKNIFTY26MAY61100CE,BANKNIFTY,37.75,2026-05-26,61100.0,0.05,30.0,OPTIDX,CE,NSE_FO
NSE_FO|68083,68083,BANKNIFTY26MAY61100PE,BANKNIFTY,8733.6,2026-05-26,61100.0,0.05,30.0,OPTIDX,PE,NSE_FO
NSE_FO|68084,68084,BANKNIFTY26MAY61200CE,BANKNIFTY,39.6,2026-05-26,61200.0,0.05,30.0,OPTIDX,CE,NSE_FO
NSE_FO|68087,68087,BANKNIFTY26MAY61200PE,BANKNIFTY,8804.9,2026-05-26,61200.0,0.05,30.0,OPTIDX,PE,NSE_FO
NSE_FO|68088,68088,BANKNIFTY26MAY61300CE,BANKNIFTY,33.3,2026-05-26,61300.0,0.05,30.0,OPTIDX,CE,NSE_FO
NSE_FO|68089,68089,BANKNIFTY26MAY61300PE,BANKNIFTY,3600.0,2026-05-26,61300.0,0.05,30.0,OPTIDX,PE,NSE_FO
NSE_FO|68090,68090,BANKNIFTY26MAY61400CE,BANKNIFTY,31.4,2026-05-26,61400.0,0.05,30.0,OPTIDX,CE,NSE_FO
NSE_FO|68091,68091,BANKNIFTY26MAY61400PE,BANKNIFTY,6667.6,2026-05-26,61400.0,0.05,30.0,OPTIDX,PE,NSE_FO
NSE_FO|68092,68092,BANKNIFTY26MAY61500CE,BANKNIFTY,29.85,2026-05-26,61500.0,0.05,30.0,OPTIDX,CE,NSE_FO
NSE_FO|68093,68093,BANKNIFTY26MAY61500PE,BANKNIFTY,5670.7,2026-05-26,61500.0,0.05,30.0,OPTIDX,PE,NSE_FO
NSE_FO|68094,68094,BANKNIFTY26MAY61600CE,BANKNIFTY,27.45,2026-05-26,61600.0,0.05,30.0,OPTIDX,CE,NSE_FO
NSE_FO|68097,68097,BANKNIFTY26MAY61600PE,BANKNIFTY,6857.3,2026-05-26,61600.0,0.05,30.0,OPTIDX,PE,NSE_FO
NSE_FO|68098,68098,BANKNIFTY26MAY61700CE,BANKNIFTY,132.0,2026-05-26,61700.0,0.05,30.0,OPTIDX,CE,NSE_FO
NSE_FO|68101,68101,BANKNIFTY26MAY61700PE,BANKNIFTY,6951.45,2026-05-26,61700.0,0.05,30.0,OPTIDX,PE,NSE_FO
NSE_FO|68102,68102,BANKNIFTY26MAY61800CE,BANKNIFTY,25.35,2026-05-26,61800.0,0.05,30.0,OPTIDX,CE,NSE_FO
NSE_FO|68103,68103,BANKNIFTY26MAY61800PE,BANKNIFTY,7051.0,2026-05-26,61800.0,0.05,30.0,OPTIDX,PE,NSE_FO
NSE_FO|68104,68104,BANKNIFTY26MAY61900CE,BANKNIFTY,24.25,2026-05-26,61900.0,0.05,30.0,OPTIDX,CE,NSE_FO
NSE_FO|68105,68105,BANKNIFTY26MAY61900PE,BANKNIFTY,7146.4,2026-05-26,61900.0,0.05,30.0,OPTIDX,PE,NSE_FO
NSE_FO|68106,68106,BANKNIFTY26MAY62000CE,BANKNIFTY,21.1,2026-05-26,62000.0,0.05,30.0,OPTIDX,CE,NSE_FO
NSE_FO|68107,68107,BANKNIFTY26MAY62000PE,BANKNIFTY,6174.95,2026-05-26,62000.0,0.05,30.0,OPTIDX,PE,NSE_FO
NSE_FO|68108,68108,BANKNIFTY26MAY62100CE,BANKNIFTY,20.65,2026-05-26,62100.0,0.05,30.0,OPTIDX,CE,NSE_FO
NSE_FO|68109,68109,BANKNIFTY26MAY62100PE,BANKNIFTY,7339.75,2026-05-26,62100.0,0.05,30.0,OPTIDX,PE,NSE_FO
NSE_FO|68110,68110,BANKNIFTY26MAY62200CE,BANKNIFTY,19.6,2026-05-26,62200.0,0.05,30.0,OPTIDX,CE,NSE_FO
NSE_FO|68111,68111,BANKNIFTY26MAY62200PE,BANKNIFTY,7439.85,2026-05-26,62200.0,0.05,30.0,OPTIDX,PE,NSE_FO
NSE_FO|68112,68112,BANKNIFTY26MAY62300CE,BANKNIFTY,20.7,2026-05-26,62300.0,0.05,30.0,OPTIDX,CE,NSE_FO
NSE_FO|68113,68113,BANKNIFTY26MAY62300PE,BANKNIFTY,7536.9,2026-05-26,62300.0,0.05,30.0,OPTIDX,PE,NSE_FO
NSE_FO|68114,68114,BANKNIFTY26MAY62400CE,BANKNIFTY,19.75,2026-05-26,62400.0,0.05,30.0,OPTIDX,CE,NSE_FO
NSE_FO|68115,68115,BANKNIFTY26MAY62400PE,BANKNIFTY,7634.05,2026-05-26,62400.0,0.05,30.0,OPTIDX,PE,NSE_FO
NSE_FO|68116,68116,BANKNIFTY26MAY62500CE,BANKNIFTY,16.45,2026-05-26,62500.0,0.05,30.0,OPTIDX,CE,NSE_FO
NSE_FO|68119,68119,BANKNIFTY26MAY62500PE,BANKNIFTY,5860.0,2026-05-26,62500.0,0.05,30.0,OPTIDX,PE,NSE_FO
NSE_FO|68120,68120,BANKNIFTY26MAY62600CE,BANKNIFTY,27.35,2026-05-26,62600.0,0.05,30.0,OPTIDX,CE,NSE_FO
NSE_FO|68121,68121,BANKNIFTY26MAY62600PE,BANKNIFTY,9296.1,2026-05-26,62600.0,0.05,30.0,OPTIDX,PE,NSE_FO
NSE_FO|68122,68122,BANKNIFTY26MAY62700CE,BANKNIFTY,18.7,2026-05-26,62700.0,0.05,30.0,OPTIDX,CE,NSE_FO
NSE_FO|68125,68125,BANKNIFTY26MAY62700PE,BANKNIFTY,9390.5,2026-05-26,62700.0,0.05,30.0,OPTIDX,PE,NSE_FO
NSE_FO|68126,68126,BANKNIFTY26MAY62800CE,BANKNIFTY,17.1,2026-05-26,62800.0,0.05,30.0,OPTIDX,CE,NSE_FO
NSE_FO|68127,68127,BANKNIFTY26MAY62800PE,BANKNIFTY,9484.15,2026-05-26,62800.0,0.05,30.0,OPTIDX,PE,NSE_FO
NSE_FO|68128,68128,BANKNIFTY26MAY62900CE,BANKNIFTY,14.25,2026-05-26,62900.0,0.05,30.0,OPTIDX,CE,NSE_FO
NSE_FO|68129,68129,BANKNIFTY26MAY62900PE,BANKNIFTY,6473.5,2026-05-26,62900.0,0.05,30.0,OPTIDX,PE,NSE_FO
NSE_FO|68130,68130,BANKNIFTY26MAY63000CE,BANKNIFTY,12.8,2026-05-26,63000.0,0.05,30.0,OPTIDX,CE,NSE_FO
NSE_FO|68131,68131,BANKNIFTY26MAY63000PE,BANKNIFTY,7140.95,2026-05-26,63000.0,0.05,30.0,OPTIDX,PE,NSE_FO
NSE_FO|68132,68132,BANKNIFTY26MAY63100CE,BANKNIFTY,12.95,2026-05-26,63100.0,0.05,30.0,OPTIDX,CE,NSE_FO
NSE_FO|68133,68133,BANKNIFTY26MAY63100PE,BANKNIFTY,6570.0,2026-05-26,63100.0,0.05,30.0,OPTIDX,PE,NSE_FO
NSE_FO|68134,68134,BANKNIFTY26MAY63200CE,BANKNIFTY,13.55,2026-05-26,63200.0,0.05,30.0,OPTIDX,CE,NSE_FO
NSE_FO|68135,68135,BANKNIFTY26MAY63200PE,BANKNIFTY,9865.35,2026-05-26,63200.0,0.05,30.0,OPTIDX,PE,NSE_FO
NSE_FO|68136,68136,BANKNIFTY26MAY63300CE,BANKNIFTY,18.1,2026-05-26,63300.0,0.05,30.0,OPTIDX,CE,NSE_FO
NSE_FO|68137,68137,BANKNIFTY26MAY63300PE,BANKNIFTY,9961.0,2026-05-26,63300.0,0.05,30.0,OPTIDX,PE,NSE_FO
NSE_FO|68138,68138,BANKNIFTY26MAY63400CE,BANKNIFTY,11.85,2026-05-26,63400.0,0.05,30.0,OPTIDX,CE,NSE_FO
NSE_FO|68139,68139,BANKNIFTY26MAY63400PE,BANKNIFTY,10056.45,2026-05-26,63400.0,0.05,30.0,OPTIDX,PE,NSE_FO
NSE_FO|68140,68140,BANKNIFTY26MAY63500CE,BANKNIFTY,11.05,2026-05-26,63500.0,0.05,30.0,OPTIDX,CE,NSE_FO
NSE_FO|68141,68141,BANKNIFTY26MAY63500PE,BANKNIFTY,7069.55,2026-05-26,63500.0,0.05,30.0,OPTIDX,PE,NSE_FO
NSE_FO|68142,68142,BANKNIFTY26MAY63600CE,BANKNIFTY,12.5,2026-05-26,63600.0,0.05,30.0,OPTIDX,CE,NSE_FO
NSE_FO|68143,68143,BANKNIFTY26MAY63600PE,BANKNIFTY,10249.1,2026-05-26,63600.0,0.05,30.0,OPTIDX,PE,NSE_FO
NSE_FO|68144,68144,BANKNIFTY26MAY63700CE,BANKNIFTY,11.95,2026-05-26,63700.0,0.05,30.0,OPTIDX,CE,NSE_FO
NSE_FO|68145,68145,BANKNIFTY26MAY63700PE,BANKNIFTY,10342.9,2026-05-26,63700.0,0.05,30.0,OPTIDX,PE,NSE_FO
NSE_FO|68146,68146,BANKNIFTY26MAY63800CE,BANKNIFTY,11.05,2026-05-26,63800.0,0.05,30.0,OPTIDX,CE,NSE_FO
NSE_FO|68149,68149,BANKNIFTY26MAY63800PE,BANKNIFTY,10438.4,2026-05-26,63800.0,0.05,30.0,OPTIDX,PE,NSE_FO
NSE_FO|68150,68150,BANKNIFTY26MAY63900CE,BANKNIFTY,10.8,2026-05-26,63900.0,0.05,30.0,OPTIDX,CE,NSE_FO
NSE_FO|68151,68151,BANKNIFTY26MAY63900PE,BANKNIFTY,10549.5,2026-05-26,63900.0,0.05,30.0,OPTIDX,PE,NSE_FO
NSE_FO|68152,68152,BANKNIFTY26MAY64000CE,BANKNIFTY,8.45,2026-05-26,64000.0,0.05,30.0,OPTIDX,CE,NSE_FO
NSE_FO|68153,68153,BANKNIFTY26MAY64000PE,BANKNIFTY,8123.4,2026-05-26,64000.0,0.05,30.0,OPTIDX,PE,NSE_FO
NSE_FO|68154,68154,BANKNIFTY26MAY64100CE,BANKNIFTY,8.9,2026-05-26,64100.0,0.05,30.0,OPTIDX,CE,NSE_FO
NSE_FO|68157,68157,BANKNIFTY26MAY64100PE,BANKNIFTY,10727.5,2026-05-26,64100.0,0.05,30.0,OPTIDX,PE,NSE_FO
NSE_FO|68158,68158,BANKNIFTY26MAY64200CE,BANKNIFTY,9.05,2026-05-26,64200.0,0.05,30.0,OPTIDX,CE,NSE_FO
NSE_FO|68159,68159,BANKNIFTY26MAY64200PE,BANKNIFTY,10822.75,2026-05-26,64200.0,0.05,30.0,OPTIDX,PE,NSE_FO
NSE_FO|68160,68160,BANKNIFTY26MAY64300CE,BANKNIFTY,14.95,2026-05-26,64300.0,0.05,30.0,OPTIDX,CE,NSE_FO
NSE_FO|68162,68162,BANKNIFTY26MAY64300PE,BANKNIFTY,10935.2,2026-05-26,64300.0,0.05,30.0,OPTIDX,PE,NSE_FO
NSE_FO|68166,68166,BANKNIFTY26MAY64400CE,BANKNIFTY,10.75,2026-05-26,64400.0,0.05,30.0,OPTIDX,CE,NSE_FO
NSE_FO|68167,68167,BANKNIFTY26MAY64400PE,BANKNIFTY,7000.05,2026-05-26,64400.0,0.05,30.0,OPTIDX,PE,NSE_FO
NSE_FO|68169,68169,BANKNIFTY26MAY64500CE,BANKNIFTY,7.8,2026-05-26,64500.0,0.05,30.0,OPTIDX,CE,NSE_FO
NSE_FO|68170,68170,BANKNIFTY26MAY64500PE,BANKNIFTY,11127.6,2026-05-26,64500.0,0.05,30.0,OPTIDX,PE,NSE_FO
NSE_FO|68171,68171,BANKNIFTY26MAY64600CE,BANKNIFTY,8.7,2026-05-26,64600.0,0.05,30.0,OPTIDX,CE,NSE_FO
NSE_FO|68172,68172,BANKNIFTY26MAY64600PE,BANKNIFTY,11223.95,2026-05-26,64600.0,0.05,30.0,OPTIDX,PE,NSE_FO
NSE_FO|68173,68173,BANKNIFTY26MAY64700CE,BANKNIFTY,8.85,2026-05-26,64700.0,0.05,30.0,OPTIDX,CE,NSE_FO
NSE_FO|68174,68174,BANKNIFTY26MAY64700PE,BANKNIFTY,11320.55,2026-05-26,64700.0,0.05,30.0,OPTIDX,PE,NSE_FO
NSE_FO|68175,68175,BANKNIFTY26MAY64800CE,BANKNIFTY,9.3,2026-05-26,64800.0,0.05,30.0,OPTIDX,CE,NSE_FO
NSE_FO|68176,68176,BANKNIFTY26MAY64800PE,BANKNIFTY,11417.5,2026-05-26,64800.0,0.05,30.0,OPTIDX,PE,NSE_FO
NSE_FO|68179,68179,BANKNIFTY26MAY64900CE,BANKNIFTY,8.45,2026-05-26,64900.0,0.05,30.0,OPTIDX,CE,NSE_FO
NSE_FO|68190,68190,BANKNIFTY26MAY64900PE,BANKNIFTY,11514.05,2026-05-26,64900.0,0.05,30.0,OPTIDX,PE,NSE_FO
NSE_FO|68191,68191,BANKNIFTY26MAY65000CE,BANKNIFTY,6.3,2026-05-26,65000.0,0.05,30.0,OPTIDX,CE,NSE_FO
NSE_FO|68192,68192,BANKNIFTY26MAY65000PE,BANKNIFTY,9027.15,2026-05-26,65000.0,0.05,30.0,OPTIDX,PE,NSE_FO
NSE_FO|68193,68193,BANKNIFTY26MAY65100CE,BANKNIFTY,8.1,2026-05-26,65100.0,0.05,30.0,OPTIDX,CE,NSE_FO
NSE_FO|68200,68200,BANKNIFTY26MAY65100PE,BANKNIFTY,10464.85,2026-05-26,65100.0,0.05,30.0,OPTIDX,PE,NSE_FO
NSE_FO|68201,68201,BANKNIFTY26MAY65200CE,BANKNIFTY,6.05,2026-05-26,65200.0,0.05,30.0,OPTIDX,CE,NSE_FO
NSE_FO|68202,68202,BANKNIFTY26MAY65200PE,BANKNIFTY,10572.45,2026-05-26,65200.0,0.05,30.0,OPTIDX,PE,NSE_FO
NSE_FO|68203,68203,BANKNIFTY26MAY65300CE,BANKNIFTY,9.6,2026-05-26,65300.0,0.05,30.0,OPTIDX,CE,NSE_FO
NSE_FO|68204,68204,BANKNIFTY26MAY65300PE,BANKNIFTY,7350.0,2026-05-26,65300.0,0.05,30.0,OPTIDX,PE,NSE_FO
NSE_FO|68205,68205,BANKNIFTY26MAY65400CE,BANKNIFTY,7.95,2026-05-26,65400.0,0.05,30.0,OPTIDX,CE,NSE_FO
NSE_FO|68206,68206,BANKNIFTY26MAY65400PE,BANKNIFTY,10104.75,2026-05-26,65400.0,0.05,30.0,OPTIDX,PE,NSE_FO
NSE_FO|68207,68207,BANKNIFTY26MAY65500CE,BANKNIFTY,6.7,2026-05-26,65500.0,0.05,30.0,OPTIDX,CE,NSE_FO
NSE_FO|68210,68210,BANKNIFTY26MAY65500PE,BANKNIFTY,10851.45,2026-05-26,65500.0,0.05,30.0,OPTIDX,PE,NSE_FO
NSE_FO|68211,68211,BANKNIFTY26MAY65600CE,BANKNIFTY,8.95,2026-05-26,65600.0,0.05,30.0,OPTIDX,CE,NSE_FO
NSE_FO|68212,68212,BANKNIFTY26MAY65600PE,BANKNIFTY,10948.45,2026-05-26,65600.0,0.05,30.0,OPTIDX,PE,NSE_FO
NSE_FO|68213,68213,BANKNIFTY26MAY65700CE,BANKNIFTY,7.05,2026-05-26,65700.0,0.05,30.0,OPTIDX,CE,NSE_FO
NSE_FO|68214,68214,BANKNIFTY26MAY65700PE,BANKNIFTY,11045.75,2026-05-26,65700.0,0.05,30.0,OPTIDX,PE,NSE_FO
NSE_FO|68215,68215,BANKNIFTY26MAY65800CE,BANKNIFTY,8.0,2026-05-26,65800.0,0.05,30.0,OPTIDX,CE,NSE_FO
NSE_FO|68216,68216,BANKNIFTY26MAY65800PE,BANKNIFTY,11153.9,2026-05-26,65800.0,0.05,30.0,OPTIDX,PE,NSE_FO
NSE_FO|68219,68219,BANKNIFTY26MAY65900CE,BANKNIFTY,5.65,2026-05-26,65900.0,0.05,30.0,OPTIDX,CE,NSE_FO
NSE_FO|68220,68220,BANKNIFTY26MAY65900PE,BANKNIFTY,11256.0,2026-05-26,65900.0,0.05,30.0,OPTIDX,PE,NSE_FO
NSE_FO|68221,68221,BANKNIFTY26MAY66000CE,BANKNIFTY,4.85,2026-05-26,66000.0,0.05,30.0,OPTIDX,CE,NSE_FO
NSE_FO|68222,68222,BANKNIFTY26MAY66000PE,BANKNIFTY,10158.75,2026-05-26,66000.0,0.05,30.0,OPTIDX,PE,NSE_FO
NSE_FO|68223,68223,BANKNIFTY26MAY66100CE,BANKNIFTY,6.85,2026-05-26,66100.0,0.05,30.0,OPTIDX,CE,NSE_FO
NSE_FO|68226,68226,BANKNIFTY26MAY66100PE,BANKNIFTY,8550.0,2026-05-26,66100.0,0.05,30.0,OPTIDX,PE,NSE_FO
NSE_FO|68229,68229,BANKNIFTY26MAY66200CE,BANKNIFTY,6.3,2026-05-26,66200.0,0.05,30.0,OPTIDX,CE,NSE_FO
NSE_FO|68230,68230,BANKNIFTY26MAY66200PE,BANKNIFTY,10450.45,2026-05-26,66200.0,0.05,30.0,OPTIDX,PE,NSE_FO
NSE_FO|68239,68239,BANKNIFTY26MAY66500CE,BANKNIFTY,5.35,2026-05-26,66500.0,0.05,30.0,OPTIDX,CE,NSE_FO
NSE_FO|68240,68240,BANKNIFTY26MAY66500PE,BANKNIFTY,9643.0,2026-05-26,66500.0,0.05,30.0,OPTIDX,PE,NSE_FO
NSE_FO|68265,68265,BANKNIFTY26MAY67000CE,BANKNIFTY,4.65,2026-05-26,67000.0,0.05,30.0,OPTIDX,CE,NSE_FO
NSE_FO|68266,68266,BANKNIFTY26MAY67000PE,BANKNIFTY,5284.5,2026-05-26,67000.0,0.05,30.0,OPTIDX,PE,NSE_FO
NSE_FO|68419,68419,BANKNIFTY26MAY67500CE,BANKNIFTY,6.0,2026-05-26,67500.0,0.05,30.0,OPTIDX,CE,NSE_FO
NSE_FO|68420,68420,BANKNIFTY26MAY67500PE,BANKNIFTY,9388.0,2026-05-26,67500.0,0.05,30.0,OPTIDX,PE,NSE_FO
NSE_FO|68429,68429,BANKNIFTY26MAY68000CE,BANKNIFTY,4.9,2026-05-26,68000.0,0.05,30.0,OPTIDX,CE,NSE_FO
NSE_FO|68432,68432,BANKNIFTY26MAY68000PE,BANKNIFTY,11725.3,2026-05-26,68000.0,0.05,30.0,OPTIDX,PE,NSE_FO
NSE_FO|68445,68445,BANKNIFTY26MAY68500CE,BANKNIFTY,4.65,2026-05-26,68500.0,0.05,30.0,OPTIDX,CE,NSE_FO
NSE_FO|68446,68446,BANKNIFTY26MAY68500PE,BANKNIFTY,10900.0,2026-05-26,68500.0,0.05,30.0,OPTIDX,PE,NSE_FO
NSE_FO|73530,73530,NIFTY2650520100CE,NIFTY,2979.95,2026-05-05,20100.0,0.05,65.0,OPTIDX,CE,NSE_FO
NSE_FO|73531,73531,NIFTY2650520100PE,NIFTY,0.85,2026-05-05,20100.0,0.05,65.0,OPTIDX,PE,NSE_FO
NSE_FO|73532,73532,NIFTY2650520150CE,NIFTY,2930.7,2026-05-05,20150.0,0.05,65.0,OPTIDX,CE,NSE_FO
NSE_FO|73533,73533,NIFTY2650520150PE,NIFTY,1.25,2026-05-05,20150.0,0.05,65.0,OPTIDX,PE,NSE_FO
NSE_FO|73534,73534,NIFTY2650520200CE,NIFTY,2881.5,2026-05-05,20200.0,0.05,65.0,OPTIDX,CE,NSE_FO
NSE_FO|73535,73535,NIFTY2650520200PE,NIFTY,1.05,2026-05-05,20200.0,0.05,65.0,OPTIDX,PE,NSE_FO
NSE_FO|73536,73536,NIFTY2650520250CE,NIFTY,2832.3,2026-05-05,20250.0,0.05,65.0,OPTIDX,CE,NSE_FO
NSE_FO|73537,73537,NIFTY2650520250PE,NIFTY,1.15,2026-05-05,20250.0,0.05,65.0,OPTIDX,PE,NSE_FO
NSE_FO|73538,73538,NIFTY2650520300CE,NIFTY,2783.2,2026-05-05,20300.0,0.05,65.0,OPTIDX,CE,NSE_FO
NSE_FO|73541,73541,NIFTY2650520300PE,NIFTY,1.2,2026-05-05,20300.0,0.05,65.0,OPTIDX,PE,NSE_FO
NSE_FO|73542,73542,NIFTY2650520350CE,NIFTY,2734.15,2026-05-05,20350.0,0.05,65.0,OPTIDX,CE,NSE_FO
NSE_FO|73569,73569,NIFTY2650520350PE,NIFTY,2.35,2026-05-05,20350.0,0.05,65.0,OPTIDX,PE,NSE_FO
NSE_FO|73570,73570,NIFTY2650520400CE,NIFTY,2685.15,2026-05-05,20400.0,0.05,65.0,OPTIDX,CE,NSE_FO
NSE_FO|73582,73582,NIFTY2650520400PE,NIFTY,1.1,2026-05-05,20400.0,0.05,65.0,OPTIDX,PE,NSE_FO
NSE_FO|73583,73583,NIFTY2650520450CE,NIFTY,2636.25,2026-05-05,20450.0,0.05,65.0,OPTIDX,CE,NSE_FO
NSE_FO|73584,73584,NIFTY2650520450PE,NIFTY,1.15,2026-05-05,20450.0,0.05,65.0,OPTIDX,PE,NSE_FO
NSE_FO|73591,73591,NIFTY2650520500CE,NIFTY,2587.4,2026-05-05,20500.0,0.05,65.0,OPTIDX,CE,NSE_FO
NSE_FO|73592,73592,NIFTY2650520500PE,NIFTY,1.25,2026-05-05,20500.0,0.05,65.0,OPTIDX,PE,NSE_FO
NSE_FO|73593,73593,NIFTY2650520550CE,NIFTY,3533.1,2026-05-05,20550.0,0.05,65.0,OPTIDX,CE,NSE_FO
NSE_FO|73594,73594,NIFTY2650520550PE,NIFTY,1.45,2026-05-05,20550.0,0.05,65.0,OPTIDX,PE,NSE_FO
NSE_FO|73595,73595,NIFTY2650520600CE,NIFTY,3483.65,2026-05-05,20600.0,0.05,65.0,OPTIDX,CE,NSE_FO
NSE_FO|73596,73596,NIFTY2650520600PE,NIFTY,1.2,2026-05-05,20600.0,0.05,65.0,OPTIDX,PE,NSE_FO
NSE_FO|73597,73597,NIFTY2650520650CE,NIFTY,3332.65,2026-05-05,20650.0,0.05,65.0,OPTIDX,CE,NSE_FO
NSE_FO|73598,73598,NIFTY2650520650PE,NIFTY,1.5,2026-05-05,20650.0,0.05,65.0,OPTIDX,PE,NSE_FO
NSE_FO|73599,73599,NIFTY2650520700CE,NIFTY,2393.05,2026-05-05,20700.0,0.05,65.0,OPTIDX,CE,NSE_FO
NSE_FO|73600,73600,NIFTY2650520700PE,NIFTY,1.3,2026-05-05,20700.0,0.05,65.0,OPTIDX,PE,NSE_FO
NSE_FO|73601,73601,NIFTY2650520750CE,NIFTY,2344.75,2026-05-05,20750.0,0.05,65.0,OPTIDX,CE,NSE_FO
NSE_FO|73602,73602,NIFTY2650520750PE,NIFTY,2.45,2026-05-05,20750.0,0.05,65.0,OPTIDX,PE,NSE_FO
NSE_FO|73603,73603,NIFTY2650520800CE,NIFTY,2296.6,2026-05-05,20800.0,0.05,65.0,OPTIDX,CE,NSE_FO
NSE_FO|73604,73604,NIFTY2650520800PE,NIFTY,1.5,2026-05-05,20800.0,0.05,65.0,OPTIDX,PE,NSE_FO
NSE_FO|73605,73605,NIFTY2650520850CE,NIFTY,3236.25,2026-05-05,20850.0,0.05,65.0,OPTIDX,CE,NSE_FO
NSE_FO|73606,73606,NIFTY2650520850PE,NIFTY,1.7,2026-05-05,20850.0,0.05,65.0,OPTIDX,PE,NSE_FO
NSE_FO|73607,73607,NIFTY2650520900CE,NIFTY,2200.7,2026-05-05,20900.0,0.05,65.0,OPTIDX,CE,NSE_FO
NSE_FO|73614,73614,NIFTY2650520900PE,NIFTY,1.15,2026-05-05,20900.0,0.05,65.0,OPTIDX,PE,NSE_FO
NSE_FO|73615,73615,NIFTY2650520950CE,NIFTY,2153.0,2026-05-05,20950.0,0.05,65.0,OPTIDX,CE,NSE_FO
NSE_FO|73616,73616,NIFTY2650520950PE,NIFTY,2.1,2026-05-05,20950.0,0.05,65.0,OPTIDX,PE,NSE_FO
NSE_FO|73617,73617,NIFTY2650521000CE,NIFTY,2964.05,2026-05-05,21000.0,0.05,65.0,OPTIDX,CE,NSE_FO
NSE_FO|73618,73618,NIFTY2650521000PE,NIFTY,1.75,2026-05-05,21000.0,0.05,65.0,OPTIDX,PE,NSE_FO
NSE_FO|73619,73619,NIFTY2650521050CE,NIFTY,2058.25,2026-05-05,21050.0,0.05,65.0,OPTIDX,CE,NSE_FO
NSE_FO|73639,73639,NIFTY2650521050PE,NIFTY,2.0,2026-05-05,21050.0,0.05,65.0,OPTIDX,PE,NSE_FO
NSE_FO|73640,73640,NIFTY2650521100CE,NIFTY,2876.7,2026-05-05,21100.0,0.05,65.0,OPTIDX,CE,NSE_FO
NSE_FO|73641,73641,NIFTY2650521100PE,NIFTY,1.65,2026-05-05,21100.0,0.05,65.0,OPTIDX,PE,NSE_FO
NSE_FO|73642,73642,NIFTY2650521150CE,NIFTY,1964.3,2026-05-05,21150.0,0.05,65.0,OPTIDX,CE,NSE_FO
NSE_FO|73643,73643,NIFTY2650521150PE,NIFTY,1.75,2026-05-05,21150.0,0.05,65.0,OPTIDX,PE,NSE_FO
NSE_FO|73644,73644,NIFTY2650521200CE,NIFTY,2939.8,2026-05-05,21200.0,0.05,65.0,OPTIDX,CE,NSE_FO
NSE_FO|73645,73645,NIFTY2650521200PE,NIFTY,1.9,2026-05-05,21200.0,0.05,65.0,OPTIDX,PE,NSE_FO
NSE_FO|73646,73646,NIFTY2650521250CE,NIFTY,2840.3,2026-05-05,21250.0,0.05,65.0,OPTIDX,CE,NSE_FO
NSE_FO|73648,73648,NIFTY2650521250PE,NIFTY,1.9,2026-05-05,21250.0,0.05,65.0,OPTIDX,PE,NSE_FO
NSE_FO|73649,73649,NIFTY2650521300CE,NIFTY,1825.3,2026-05-05,21300.0,0.05,65.0,OPTIDX,CE,NSE_FO
NSE_FO|73656,73656,NIFTY2650521300PE,NIFTY,2.1,2026-05-05,21300.0,0.05,65.0,OPTIDX,PE,NSE_FO
NSE_FO|73662,73662,NIFTY2650521350CE,NIFTY,1779.5,2026-05-05,21350.0,0.05,65.0,OPTIDX,CE,NSE_FO
NSE_FO|73663,73663,NIFTY2650521350PE,NIFTY,1.95,2026-05-05,21350.0,0.05,65.0,OPTIDX,PE,NSE_FO
NSE_FO|73664,73664,NIFTY2650521400CE,NIFTY,2578.7,2026-05-05,21400.0,0.05,65.0,OPTIDX,CE,NSE_FO
NSE_FO|73665,73665,NIFTY2650521400PE,NIFTY,2.05,2026-05-05,21400.0,0.05,65.0,OPTIDX,PE,NSE_FO
NSE_FO|73666,73666,NIFTY2650521450CE,NIFTY,1688.9,2026-05-05,21450.0,0.05,65.0,OPTIDX,CE,NSE_FO
NSE_FO|73667,73667,NIFTY2650521450PE,NIFTY,2.8,2026-05-05,21450.0,0.05,65.0,OPTIDX,PE,NSE_FO
NSE_FO|73668,73668,NIFTY2650521500CE,NIFTY,2495.85,2026-05-05,21500.0,0.05,65.0,OPTIDX,CE,NSE_FO
NSE_FO|73673,73673,NIFTY2650521500PE,NIFTY,2.25,2026-05-05,21500.0,0.05,65.0,OPTIDX,PE,NSE_FO
NSE_FO|73680,73680,NIFTY2650521550CE,NIFTY,1599.75,2026-05-05,21550.0,0.05,65.0,OPTIDX,CE,NSE_FO
NSE_FO|73681,73681,NIFTY2650521550PE,NIFTY,2.3,2026-05-05,21550.0,0.05,65.0,OPTIDX,PE,NSE_FO
NSE_FO|73682,73682,NIFTY2650521600CE,NIFTY,1555.7,2026-05-05,21600.0,0.05,65.0,OPTIDX,CE,NSE_FO
NSE_FO|73683,73683,NIFTY2650521600PE,NIFTY,2.4,2026-05-05,21600.0,0.05,65.0,OPTIDX,PE,NSE_FO
NSE_FO|73684,73684,NIFTY2650521650CE,NIFTY,1512.1,2026-05-05,21650.0,0.05,65.0,OPTIDX,CE,NSE_FO
NSE_FO|73685,73685,NIFTY2650521650PE,NIFTY,2.15,2026-05-05,21650.0,0.05,65.0,OPTIDX,PE,NSE_FO
NSE_FO|73688,73688,NIFTY2650521700CE,NIFTY,1468.9,2026-05-05,21700.0,0.05,65.0,OPTIDX,CE,NSE_FO
NSE_FO|73689,73689,NIFTY2650521700PE,NIFTY,2.35,2026-05-05,21700.0,0.05,65.0,OPTIDX,PE,NSE_FO
NSE_FO|73690,73690,NIFTY2650521750CE,NIFTY,1426.2,2026-05-05,21750.0,0.05,65.0,OPTIDX,CE,NSE_FO
NSE_FO|73691,73691,NIFTY2650521750PE,NIFTY,2.4,2026-05-05,21750.0,0.05,65.0,OPTIDX,PE,NSE_FO
NSE_FO|73694,73694,NIFTY2650521800CE,NIFTY,1383.9,2026-05-05,21800.0,0.05,65.0,OPTIDX,CE,NSE_FO
NSE_FO|73718,73718,NIFTY2650521800PE,NIFTY,2.45,2026-05-05,21800.0,0.05,65.0,OPTIDX,PE,NSE_FO
NSE_FO|73720,73720,NIFTY2650521850CE,NIFTY,1342.1,2026-05-05,21850.0,0.05,65.0,OPTIDX,CE,NSE_FO
NSE_FO|73721,73721,NIFTY2650521850PE,NIFTY,2.5,2026-05-05,21850.0,0.05,65.0,OPTIDX,PE,NSE_FO
NSE_FO|73722,73722,NIFTY2650521900CE,NIFTY,1300.85,2026-05-05,21900.0,0.05,65.0,OPTIDX,CE,NSE_FO
NSE_FO|73726,73726,NIFTY2650521900PE,NIFTY,2.7,2026-05-05,21900.0,0.05,65.0,OPTIDX,PE,NSE_FO
NSE_FO|73729,73729,NIFTY2650521950CE,NIFTY,1260.05,2026-05-05,21950.0,0.05,65.0,OPTIDX,CE,NSE_FO
NSE_FO|73730,73730,NIFTY2650521950PE,NIFTY,2.75,2026-05-05,21950.0,0.05,65.0,OPTIDX,PE,NSE_FO
NSE_FO|73732,73732,NIFTY2650522000CE,NIFTY,1987.5,2026-05-05,22000.0,0.05,65.0,OPTIDX,CE,NSE_FO
NSE_FO|73733,73733,NIFTY2650522000PE,NIFTY,2.9,2026-05-05,22000.0,0.05,65.0,OPTIDX,PE,NSE_FO
NSE_FO|73734,73734,NIFTY2650522050CE,NIFTY,1180.2,2026-05-05,22050.0,0.05,65.0,OPTIDX,CE,NSE_FO
NSE_FO|73735,73735,NIFTY2650522050PE,NIFTY,2.9,2026-05-05,22050.0,0.05,65.0,OPTIDX,PE,NSE_FO
NSE_FO|73736,73736,NIFTY2650522100CE,NIFTY,2077.3,2026-05-05,22100.0,0.05,65.0,OPTIDX,CE,NSE_FO
NSE_FO|73737,73737,NIFTY2650522100PE,NIFTY,3.0,2026-05-05,22100.0,0.05,65.0,OPTIDX,PE,NSE_FO
NSE_FO|73738,73738,NIFTY2650522150CE,NIFTY,1975.2,2026-05-05,22150.0,0.05,65.0,OPTIDX,CE,NSE_FO
NSE_FO|73745,73745,NIFTY2650522150PE,NIFTY,2.9,2026-05-05,22150.0,0.05,65.0,OPTIDX,PE,NSE_FO
NSE_FO|73746,73746,NIFTY2650522200CE,NIFTY,1930.0,2026-05-05,22200.0,0.05,65.0,OPTIDX,CE,NSE_FO
NSE_FO|73747,73747,NIFTY2650522200PE,NIFTY,3.0,2026-05-05,22200.0,0.05,65.0,OPTIDX,PE,NSE_FO
NSE_FO|73748,73748,NIFTY2650522250CE,NIFTY,1784.75,2026-05-05,22250.0,0.05,65.0,OPTIDX,CE,NSE_FO
NSE_FO|73749,73749,NIFTY2650522250PE,NIFTY,3.1,2026-05-05,22250.0,0.05,65.0,OPTIDX,PE,NSE_FO
NSE_FO|73750,73750,NIFTY2650522300CE,NIFTY,1840.0,2026-05-05,22300.0,0.05,65.0,OPTIDX,CE,NSE_FO
NSE_FO|73751,73751,NIFTY2650522300PE,NIFTY,3.3,2026-05-05,22300.0,0.05,65.0,OPTIDX,PE,NSE_FO
NSE_FO|73752,73752,NIFTY2650522350CE,NIFTY,954.85,2026-05-05,22350.0,0.05,65.0,OPTIDX,CE,NSE_FO
NSE_FO|73753,73753,NIFTY2650522350PE,NIFTY,3.4,2026-05-05,22350.0,0.05,65.0,OPTIDX,PE,NSE_FO
NSE_FO|73754,73754,NIFTY2650522400CE,NIFTY,1555.1,2026-05-05,22400.0,0.05,65.0,OPTIDX,CE,NSE_FO
NSE_FO|73916,73916,NIFTY2650522400PE,NIFTY,3.6,2026-05-05,22400.0,0.05,65.0,OPTIDX,PE,NSE_FO
NSE_FO|73917,73917,NIFTY2650522450CE,NIFTY,1678.75,2026-05-05,22450.0,0.05,65.0,OPTIDX,CE,NSE_FO
NSE_FO|73918,73918,NIFTY2650522450PE,NIFTY,4.1,2026-05-05,22450.0,0.05,65.0,OPTIDX,PE,NSE_FO
NSE_FO|73919,73919,NIFTY2650522500CE,NIFTY,1490.75,2026-05-05,22500.0,0.05,65.0,OPTIDX,CE,NSE_FO
NSE_FO|73960,73960,NIFTY2650522500PE,NIFTY,4.1,2026-05-05,22500.0,0.05,65.0,OPTIDX,PE,NSE_FO
NSE_FO|73961,73961,NIFTY2650522550CE,NIFTY,1579.1,2026-05-05,22550.0,0.05,65.0,OPTIDX,CE,NSE_FO
NSE_FO|73965,73965,NIFTY2650522550PE,NIFTY,4.4,2026-05-05,22550.0,0.05,65.0,OPTIDX,PE,NSE_FO
NSE_FO|73970,73970,NIFTY2650522600CE,NIFTY,1519.95,2026-05-05,22600.0,0.05,65.0,OPTIDX,CE,NSE_FO
NSE_FO|73971,73971,NIFTY2650522600PE,NIFTY,4.75,2026-05-05,22600.0,0.05,65.0,OPTIDX,PE,NSE_FO
NSE_FO|73983,73983,NIFTY2650522650CE,NIFTY,1343.85,2026-05-05,22650.0,0.05,65.0,OPTIDX,CE,NSE_FO
NSE_FO|73988,73988,NIFTY2650522650PE,NIFTY,5.25,2026-05-05,22650.0,0.05,65.0,OPTIDX,PE,NSE_FO
NSE_FO|73989,73989,NIFTY2650522700CE,NIFTY,1292.05,2026-05-05,22700.0,0.05,65.0,OPTIDX,CE,NSE_FO
NSE_FO|73992,73992,NIFTY2650522700PE,NIFTY,5.5,2026-05-05,22700.0,0.05,65.0,OPTIDX,PE,NSE_FO
NSE_FO|73993,73993,NIFTY2650522750CE,NIFTY,1407.95,2026-05-05,22750.0,0.05,65.0,OPTIDX,CE,NSE_FO
NSE_FO|74000,74000,NIFTY2650522750PE,NIFTY,6.35,2026-05-05,22750.0,0.05,65.0,OPTIDX,PE,NSE_FO
NSE_FO|74001,74001,NIFTY2650522800CE,NIFTY,1206.9,2026-05-05,22800.0,0.05,65.0,OPTIDX,CE,NSE_FO
NSE_FO|74020,74020,NIFTY2650522800PE,NIFTY,7.05,2026-05-05,22800.0,0.05,65.0,OPTIDX,PE,NSE_FO
NSE_FO|74021,74021,NIFTY2650522850CE,NIFTY,1251.7,2026-05-05,22850.0,0.05,65.0,OPTIDX,CE,NSE_FO
NSE_FO|74071,74071,NIFTY2650522850PE,NIFTY,8.1,2026-05-05,22850.0,0.05,65.0,OPTIDX,PE,NSE_FO
NSE_FO|74072,74072,NIFTY2650522900CE,NIFTY,1099.25,2026-05-05,22900.0,0.05,65.0,OPTIDX,CE,NSE_FO
NSE_FO|74073,74073,NIFTY2650522900PE,NIFTY,9.15,2026-05-05,22900.0,0.05,65.0,OPTIDX,PE,NSE_FO
NSE_FO|74074,74074,NIFTY2650522950CE,NIFTY,1045.75,2026-05-05,22950.0,0.05,65.0,OPTIDX,CE,NSE_FO
NSE_FO|74076,74076,NIFTY2650522950PE,NIFTY,10.45,2026-05-05,22950.0,0.05,65.0,OPTIDX,PE,NSE_FO
NSE_FO|74077,74077,NIFTY2650523000CE,NIFTY,1017.75,2026-05-05,23000.0,0.05,65.0,OPTIDX,CE,NSE_FO
NSE_FO|74079,74079,NIFTY2650523000PE,NIFTY,12.2,2026-05-05,23000.0,0.05,65.0,OPTIDX,PE,NSE_FO
NSE_FO|74080,74080,NIFTY2650523050CE,NIFTY,959.25,2026-05-05,23050.0,0.05,65.0,OPTIDX,CE,NSE_FO
NSE_FO|74082,74082,NIFTY2650523050PE,NIFTY,14.3,2026-05-05,23050.0,0.05,65.0,OPTIDX,PE,NSE_FO
NSE_FO|74087,74087,NIFTY2650523100CE,NIFTY,915.55,2026-05-05,23100.0,0.05,65.0,OPTIDX,CE,NSE_FO
NSE_FO|74088,74088,NIFTY2650523100PE,NIFTY,16.45,2026-05-05,23100.0,0.05,65.0,OPTIDX,PE,NSE_FO
NSE_FO|74089,74089,NIFTY2650523150CE,NIFTY,846.3,2026-05-05,23150.0,0.05,65.0,OPTIDX,CE,NSE_FO
NSE_FO|74090,74090,NIFTY2650523150PE,NIFTY,19.55,2026-05-05,23150.0,0.05,65.0,OPTIDX,PE,NSE_FO
NSE_FO|74091,74091,NIFTY2650523200CE,NIFTY,819.3,2026-05-05,23200.0,0.05,65.0,OPTIDX,CE,NSE_FO
NSE_FO|74092,74092,NIFTY2650523200PE,NIFTY,22.1,2026-05-05,23200.0,0.05,65.0,OPTIDX,PE,NSE_FO
NSE_FO|74093,74093,NIFTY2650523250CE,NIFTY,766.55,2026-05-05,23250.0,0.05,65.0,OPTIDX,CE,NSE_FO
NSE_FO|74094,74094,NIFTY2650523250PE,NIFTY,26.2,2026-05-05,23250.0,0.05,65.0,OPTIDX,PE,NSE_FO
NSE_FO|74095,74095,NIFTY2650523300CE,NIFTY,726.1,2026-05-05,23300.0,0.05,65.0,OPTIDX,CE,NSE_FO
NSE_FO|74096,74096,NIFTY2650523300PE,NIFTY,30.25,2026-05-05,23300.0,0.05,65.0,OPTIDX,PE,NSE_FO
NSE_FO|74097,74097,NIFTY2650523350CE,NIFTY,683.7,2026-05-05,23350.0,0.05,65.0,OPTIDX,CE,NSE_FO
NSE_FO|74098,74098,NIFTY2650523350PE,NIFTY,35.6,2026-05-05,23350.0,0.05,65.0,OPTIDX,PE,NSE_FO
NSE_FO|74099,74099,NIFTY2650523400CE,NIFTY,653.65,2026-05-05,23400.0,0.05,65.0,OPTIDX,CE,NSE_FO
NSE_FO|74100,74100,NIFTY2650523400PE,NIFTY,41.1,2026-05-05,23400.0,0.05,65.0,OPTIDX,PE,NSE_FO
NSE_FO|74101,74101,NIFTY2650523450CE,NIFTY,592.75,2026-05-05,23450.0,0.05,65.0,OPTIDX,CE,NSE_FO
NSE_FO|74102,74102,NIFTY2650523450PE,NIFTY,48.15,2026-05-05,23450.0,0.05,65.0,OPTIDX,PE,NSE_FO
NSE_FO|74103,74103,NIFTY2650523500CE,NIFTY,555.35,2026-05-05,23500.0,0.05,65.0,OPTIDX,CE,NSE_FO
NSE_FO|74104,74104,NIFTY2650523500PE,NIFTY,55.3,2026-05-05,23500.0,0.05,65.0,OPTIDX,PE,NSE_FO
NSE_FO|74105,74105,NIFTY2650523550CE,NIFTY,509.9,2026-05-05,23550.0,0.05,65.0,OPTIDX,CE,NSE_FO
NSE_FO|74106,74106,NIFTY2650523550PE,NIFTY,65.15,2026-05-05,23550.0,0.05,65.0,OPTIDX,PE,NSE_FO
NSE_FO|74107,74107,NIFTY2650523600CE,NIFTY,472.15,2026-05-05,23600.0,0.05,65.0,OPTIDX,CE,NSE_FO
NSE_FO|74108,74108,NIFTY2650523600PE,NIFTY,72.65,2026-05-05,23600.0,0.05,65.0,OPTIDX,PE,NSE_FO
NSE_FO|74109,74109,NIFTY2650523650CE,NIFTY,433.65,2026-05-05,23650.0,0.05,65.0,OPTIDX,CE,NSE_FO
NSE_FO|74110,74110,NIFTY2650523650PE,NIFTY,84.25,2026-05-05,23650.0,0.05,65.0,OPTIDX,PE,NSE_FO
NSE_FO|74111,74111,NIFTY2650523700CE,NIFTY,397.5,2026-05-05,23700.0,0.05,65.0,OPTIDX,CE,NSE_FO
NSE_FO|74122,74122,NIFTY2650523700PE,NIFTY,98.1,2026-05-05,23700.0,0.05,65.0,OPTIDX,PE,NSE_FO
NSE_FO|74123,74123,NIFTY2650523750CE,NIFTY,363.9,2026-05-05,23750.0,0.05,65.0,OPTIDX,CE,NSE_FO
NSE_FO|74128,74128,NIFTY2650523750PE,NIFTY,114.65,2026-05-05,23750.0,0.05,65.0,OPTIDX,PE,NSE_FO
NSE_FO|74129,74129,NIFTY2650523800CE,NIFTY,330.7,2026-05-05,23800.0,0.05,65.0,OPTIDX,CE,NSE_FO
NSE_FO|74130,74130,NIFTY2650523800PE,NIFTY,129.35,2026-05-05,23800.0,0.05,65.0,OPTIDX,PE,NSE_FO
NSE_FO|74131,74131,NIFTY2650523850CE,NIFTY,301.2,2026-05-05,23850.0,0.05,65.0,OPTIDX,CE,NSE_FO
NSE_FO|74132,74132,NIFTY2650523850PE,NIFTY,146.85,2026-05-05,23850.0,0.05,65.0,OPTIDX,PE,NSE_FO
NSE_FO|74133,74133,NIFTY2650523900CE,NIFTY,269.05,2026-05-05,23900.0,0.05,65.0,OPTIDX,CE,NSE_FO
NSE_FO|74134,74134,NIFTY2650523900PE,NIFTY,167.25,2026-05-05,23900.0,0.05,65.0,OPTIDX,PE,NSE_FO
NSE_FO|74135,74135,NIFTY2650523950CE,NIFTY,241.65,2026-05-05,23950.0,0.05,65.0,OPTIDX,CE,NSE_FO
NSE_FO|74146,74146,NIFTY2650523950PE,NIFTY,190.5,2026-05-05,23950.0,0.05,65.0,OPTIDX,PE,NSE_FO
NSE_FO|74147,74147,NIFTY2650524000CE,NIFTY,215.35,2026-05-05,24000.0,0.05,65.0,OPTIDX,CE,NSE_FO
NSE_FO|74154,74154,NIFTY2650524000PE,NIFTY,210.85,2026-05-05,24000.0,0.05,65.0,OPTIDX,PE,NSE_FO
NSE_FO|74155,74155,NIFTY2650524050CE,NIFTY,191.7,2026-05-05,24050.0,0.05,65.0,OPTIDX,CE,NSE_FO
NSE_FO|74156,74156,NIFTY2650524050PE,NIFTY,231.95,2026-05-05,24050.0,0.05,65.0,OPTIDX,PE,NSE_FO
NSE_FO|74157,74157,NIFTY2650524100CE,NIFTY,168.6,2026-05-05,24100.0,0.05,65.0,OPTIDX,CE,NSE_FO
NSE_FO|74164,74164,NIFTY2650524100PE,NIFTY,263.15,2026-05-05,24100.0,0.05,65.0,OPTIDX,PE,NSE_FO
NSE_FO|74165,74165,NIFTY2650524150CE,NIFTY,147.4,2026-05-05,24150.0,0.05,65.0,OPTIDX,CE,NSE_FO
NSE_FO|74166,74166,NIFTY2650524150PE,NIFTY,290.6,2026-05-05,24150.0,0.05,65.0,OPTIDX,PE,NSE_FO
NSE_FO|74167,74167,NIFTY2650524200CE,NIFTY,128.15,2026-05-05,24200.0,0.05,65.0,OPTIDX,CE,NSE_FO
NSE_FO|74168,74168,NIFTY2650524200PE,NIFTY,323.65,2026-05-05,24200.0,0.05,65.0,OPTIDX,PE,NSE_FO
NSE_FO|74169,74169,NIFTY2650524250CE,NIFTY,111.0,2026-05-05,24250.0,0.05,65.0,OPTIDX,CE,NSE_FO
NSE_FO|74170,74170,NIFTY2650524250PE,NIFTY,355.25,2026-05-05,24250.0,0.05,65.0,OPTIDX,PE,NSE_FO
NSE_FO|74171,74171,NIFTY2650524300CE,NIFTY,95.7,2026-05-05,24300.0,0.05,65.0,OPTIDX,CE,NSE_FO
NSE_FO|74172,74172,NIFTY2650524300PE,NIFTY,390.7,2026-05-05,24300.0,0.05,65.0,OPTIDX,PE,NSE_FO
NSE_FO|74173,74173,NIFTY2650524350CE,NIFTY,80.9,2026-05-05,24350.0,0.05,65.0,OPTIDX,CE,NSE_FO
NSE_FO|74174,74174,NIFTY2650524350PE,NIFTY,423.75,2026-05-05,24350.0,0.05,65.0,OPTIDX,PE,NSE_FO
NSE_FO|74175,74175,NIFTY2650524400CE,NIFTY,70.1,2026-05-05,24400.0,0.05,65.0,OPTIDX,CE,NSE_FO
NSE_FO|74178,74178,NIFTY2650524400PE,NIFTY,465.35,2026-05-05,24400.0,0.05,65.0,OPTIDX,PE,NSE_FO
NSE_FO|74179,74179,NIFTY2650524450CE,NIFTY,59.85,2026-05-05,24450.0,0.05,65.0,OPTIDX,CE,NSE_FO
NSE_FO|74180,74180,NIFTY2650524450PE,NIFTY,499.6,2026-05-05,24450.0,0.05,65.0,OPTIDX,PE,NSE_FO
NSE_FO|74181,74181,NIFTY2650524500CE,NIFTY,50.8,2026-05-05,24500.0,0.05,65.0,OPTIDX,CE,NSE_FO
NSE_FO|74184,74184,NIFTY2650524500PE,NIFTY,547.0,2026-05-05,24500.0,0.05,65.0,OPTIDX,PE,NSE_FO
NSE_FO|74185,74185,NIFTY2650524550CE,NIFTY,43.1,2026-05-05,24550.0,0.05,65.0,OPTIDX,CE,NSE_FO
NSE_FO|74198,74198,NIFTY2650524550PE,NIFTY,592.8,2026-05-05,24550.0,0.05,65.0,OPTIDX,PE,NSE_FO
NSE_FO|74199,74199,NIFTY2650524600CE,NIFTY,36.05,2026-05-05,24600.0,0.05,65.0,OPTIDX,CE,NSE_FO
NSE_FO|74200,74200,NIFTY2650524600PE,NIFTY,623.3,2026-05-05,24600.0,0.05,65.0,OPTIDX,PE,NSE_FO
NSE_FO|74209,74209,NIFTY2650524650CE,NIFTY,30.95,2026-05-05,24650.0,0.05,65.0,OPTIDX,CE,NSE_FO
NSE_FO|74212,74212,NIFTY2650524650PE,NIFTY,674.85,2026-05-05,24650.0,0.05,65.0,OPTIDX,PE,NSE_FO
NSE_FO|74216,74216,NIFTY2650524700CE,NIFTY,25.7,2026-05-05,24700.0,0.05,65.0,OPTIDX,CE,NSE_FO
NSE_FO|74217,74217,NIFTY2650524700PE,NIFTY,719.5,2026-05-05,24700.0,0.05,65.0,OPTIDX,PE,NSE_FO
NSE_FO|74218,74218,NIFTY2650524750CE,NIFTY,21.9,2026-05-05,24750.0,0.05,65.0,OPTIDX,CE,NSE_FO
NSE_FO|74219,74219,NIFTY2650524750PE,NIFTY,764.15,2026-05-05,24750.0,0.05,65.0,OPTIDX,PE,NSE_FO
NSE_FO|74220,74220,NIFTY2650524800CE,NIFTY,18.5,2026-05-05,24800.0,0.05,65.0,OPTIDX,CE,NSE_FO
NSE_FO|74221,74221,NIFTY2650524800PE,NIFTY,815.95,2026-05-05,24800.0,0.05,65.0,OPTIDX,PE,NSE_FO
NSE_FO|74225,74225,NIFTY2650524850CE,NIFTY,15.6,2026-05-05,24850.0,0.05,65.0,OPTIDX,CE,NSE_FO
NSE_FO|74226,74226,NIFTY2650524850PE,NIFTY,849.0,2026-05-05,24850.0,0.05,65.0,OPTIDX,PE,NSE_FO
NSE_FO|74228,74228,NIFTY2650524900CE,NIFTY,13.55,2026-05-05,24900.0,0.05,65.0,OPTIDX,CE,NSE_FO
NSE_FO|74229,74229,NIFTY2650524900PE,NIFTY,907.3,2026-05-05,24900.0,0.05,65.0,OPTIDX,PE,NSE_FO
NSE_FO|74230,74230,NIFTY2650524950CE,NIFTY,11.55,2026-05-05,24950.0,0.05,65.0,OPTIDX,CE,NSE_FO
NSE_FO|74231,74231,NIFTY2650524950PE,NIFTY,928.35,2026-05-05,24950.0,0.05,65.0,OPTIDX,PE,NSE_FO
NSE_FO|74232,74232,NIFTY2650525000CE,NIFTY,10.1,2026-05-05,25000.0,0.05,65.0,OPTIDX,CE,NSE_FO
NSE_FO|74233,74233,NIFTY2650525000PE,NIFTY,996.65,2026-05-05,25000.0,0.05,65.0,OPTIDX,PE,NSE_FO
NSE_FO|74235,74235,NIFTY2650525050CE,NIFTY,8.7,2026-05-05,25050.0,0.05,65.0,OPTIDX,CE,NSE_FO
NSE_FO|74236,74236,NIFTY2650525050PE,NIFTY,901.7,2026-05-05,25050.0,0.05,65.0,OPTIDX,PE,NSE_FO
NSE_FO|74237,74237,NIFTY2650525100CE,NIFTY,8.45,2026-05-05,25100.0,0.05,65.0,OPTIDX,CE,NSE_FO
NSE_FO|74238,74238,NIFTY2650525100PE,NIFTY,1095.4,2026-05-05,25100.0,0.05,65.0,OPTIDX,PE,NSE_FO
NSE_FO|74239,74239,NIFTY2650525150CE,NIFTY,6.7,2026-05-05,25150.0,0.05,65.0,OPTIDX,CE,NSE_FO
NSE_FO|74240,74240,NIFTY2650525150PE,NIFTY,1041.75,2026-05-05,25150.0,0.05,65.0,OPTIDX,PE,NSE_FO
NSE_FO|74241,74241,NIFTY2650525200CE,NIFTY,5.5,2026-05-05,25200.0,0.05,65.0,OPTIDX,CE,NSE_FO
NSE_FO|74243,74243,NIFTY2650525200PE,NIFTY,1177.95,2026-05-05,25200.0,0.05,65.0,OPTIDX,PE,NSE_FO
NSE_FO|74244,74244,NIFTY2650525250CE,NIFTY,4.8,2026-05-05,25250.0,0.05,65.0,OPTIDX,CE,NSE_FO
NSE_FO|74245,74245,NIFTY2650525250PE,NIFTY,1202.4,2026-05-05,25250.0,0.05,65.0,OPTIDX,PE,NSE_FO
NSE_FO|74247,74247,NIFTY2650525300CE,NIFTY,4.35,2026-05-05,25300.0,0.05,65.0,OPTIDX,CE,NSE_FO
NSE_FO|74249,74249,NIFTY2650525300PE,NIFTY,1287.1,2026-05-05,25300.0,0.05,65.0,OPTIDX,PE,NSE_FO
NSE_FO|74250,74250,NIFTY2650525350CE,NIFTY,3.8,2026-05-05,25350.0,0.05,65.0,OPTIDX,CE,NSE_FO
NSE_FO|74251,74251,NIFTY2650525350PE,NIFTY,1197.3,2026-05-05,25350.0,0.05,65.0,OPTIDX,PE,NSE_FO
NSE_FO|74252,74252,NIFTY2650525400CE,NIFTY,3.15,2026-05-05,25400.0,0.05,65.0,OPTIDX,CE,NSE_FO
NSE_FO|74253,74253,NIFTY2650525400PE,NIFTY,1399.0,2026-05-05,25400.0,0.05,65.0,OPTIDX,PE,NSE_FO
NSE_FO|74254,74254,NIFTY2650525450CE,NIFTY,3.05,2026-05-05,25450.0,0.05,65.0,OPTIDX,CE,NSE_FO
NSE_FO|74255,74255,NIFTY2650525450PE,NIFTY,1438.6,2026-05-05,25450.0,0.05,65.0,OPTIDX,PE,NSE_FO
NSE_FO|74256,74256,NIFTY2650525500CE,NIFTY,2.65,2026-05-05,25500.0,0.05,65.0,OPTIDX,CE,NSE_FO
NSE_FO|74257,74257,NIFTY2650525500PE,NIFTY,1484.5,2026-05-05,25500.0,0.05,65.0,OPTIDX,PE,NSE_FO
NSE_FO|74258,74258,NIFTY2650525550CE,NIFTY,2.15,2026-05-05,25550.0,0.05,65.0,OPTIDX,CE,NSE_FO
NSE_FO|74259,74259,NIFTY2650525550PE,NIFTY,1427.65,2026-05-05,25550.0,0.05,65.0,OPTIDX,PE,NSE_FO
NSE_FO|74260,74260,NIFTY2650525600CE,NIFTY,2.0,2026-05-05,25600.0,0.05,65.0,OPTIDX,CE,NSE_FO
NSE_FO|74261,74261,NIFTY2650525600PE,NIFTY,1579.0,2026-05-05,25600.0,0.05,65.0,OPTIDX,PE,NSE_FO
NSE_FO|74262,74262,NIFTY2650525650CE,NIFTY,1.65,2026-05-05,25650.0,0.05,65.0,OPTIDX,CE,NSE_FO
NSE_FO|74265,74265,NIFTY2650525650PE,NIFTY,1636.75,2026-05-05,25650.0,0.05,65.0,OPTIDX,PE,NSE_FO
NSE_FO|74269,74269,NIFTY2650525700CE,NIFTY,1.45,2026-05-05,25700.0,0.05,65.0,OPTIDX,CE,NSE_FO
NSE_FO|74270,74270,NIFTY2650525700PE,NIFTY,1538.55,2026-05-05,25700.0,0.05,65.0,OPTIDX,PE,NSE_FO
NSE_FO|74272,74272,NIFTY2650525750CE,NIFTY,1.25,2026-05-05,25750.0,0.05,65.0,OPTIDX,CE,NSE_FO
NSE_FO|74279,74279,NIFTY2650525750PE,NIFTY,2638.0,2026-05-05,25750.0,0.05,65.0,OPTIDX,PE,NSE_FO
NSE_FO|74280,74280,NIFTY2650525800CE,NIFTY,1.15,2026-05-05,25800.0,0.05,65.0,OPTIDX,CE,NSE_FO
NSE_FO|74288,74288,NIFTY2650525800PE,NIFTY,1750.8,2026-05-05,25800.0,0.05,65.0,OPTIDX,PE,NSE_FO
NSE_FO|74289,74289,NIFTY2650525850CE,NIFTY,1.05,2026-05-05,25850.0,0.05,65.0,OPTIDX,CE,NSE_FO
NSE_FO|74369,74369,NIFTY2650525850PE,NIFTY,1681.4,2026-05-05,25850.0,0.05,65.0,OPTIDX,PE,NSE_FO
NSE_FO|74370,74370,NIFTY2650525900CE,NIFTY,0.95,2026-05-05,25900.0,0.05,65.0,OPTIDX,CE,NSE_FO
NSE_FO|74375,74375,NIFTY2650525900PE,NIFTY,1730.0,2026-05-05,25900.0,0.05,65.0,OPTIDX,PE,NSE_FO
NSE_FO|74376,74376,NIFTY2650525950CE,NIFTY,0.9,2026-05-05,25950.0,0.05,65.0,OPTIDX,CE,NSE_FO
NSE_FO|74377,74377,NIFTY2650525950PE,NIFTY,2832.5,2026-05-05,25950.0,0.05,65.0,OPTIDX,PE,NSE_FO
NSE_FO|74378,74378,NIFTY2650526000CE,NIFTY,0.95,2026-05-05,26000.0,0.05,65.0,OPTIDX,CE,NSE_FO
NSE_FO|74379,74379,NIFTY2650526000PE,NIFTY,1975.3,2026-05-05,26000.0,0.05,65.0,OPTIDX,PE,NSE_FO
NSE_FO|74380,74380,NIFTY2650526050CE,NIFTY,0.75,2026-05-05,26050.0,0.05,65.0,OPTIDX,CE,NSE_FO
NSE_FO|74389,74389,NIFTY2650526050PE,NIFTY,2930.2,2026-05-05,26050.0,0.05,65.0,OPTIDX,PE,NSE_FO
NSE_FO|74392,74392,NIFTY2650526100CE,NIFTY,0.75,2026-05-05,26100.0,0.05,65.0,OPTIDX,CE,NSE_FO
NSE_FO|74393,74393,NIFTY2650526100PE,NIFTY,2070.0,2026-05-05,26100.0,0.05,65.0,OPTIDX,PE,NSE_FO
NSE_FO|74398,74398,NIFTY2650526150CE,NIFTY,0.75,2026-05-05,26150.0,0.05,65.0,OPTIDX,CE,NSE_FO
NSE_FO|74399,74399,NIFTY2650526150PE,NIFTY,3028.15,2026-05-05,26150.0,0.05,65.0,OPTIDX,PE,NSE_FO
NSE_FO|74400,74400,NIFTY2650526200CE,NIFTY,0.7,2026-05-05,26200.0,0.05,65.0,OPTIDX,CE,NSE_FO
NSE_FO|74401,74401,NIFTY2650526200PE,NIFTY,2003.0,2026-05-05,26200.0,0.05,65.0,OPTIDX,PE,NSE_FO
NSE_FO|74402,74402,NIFTY2650526250CE,NIFTY,0.7,2026-05-05,26250.0,0.05,65.0,OPTIDX,CE,NSE_FO
NSE_FO|74403,74403,NIFTY2650526250PE,NIFTY,3126.3,2026-05-05,26250.0,0.05,65.0,OPTIDX,PE,NSE_FO
NSE_FO|74404,74404,NIFTY2650526300CE,NIFTY,0.7,2026-05-05,26300.0,0.05,65.0,OPTIDX,CE,NSE_FO
NSE_FO|74405,74405,NIFTY2650526300PE,NIFTY,2144.95,2026-05-05,26300.0,0.05,65.0,OPTIDX,PE,NSE_FO
NSE_FO|74408,74408,NIFTY2650526350CE,NIFTY,0.8,2026-05-05,26350.0,0.05,65.0,OPTIDX,CE,NSE_FO
NSE_FO|74409,74409,NIFTY2650526350PE,NIFTY,2329.15,2026-05-05,26350.0,0.05,65.0,OPTIDX,PE,NSE_FO
NSE_FO|74410,74410,NIFTY2650526400CE,NIFTY,0.75,2026-05-05,26400.0,0.05,65.0,OPTIDX,CE,NSE_FO
NSE_FO|74411,74411,NIFTY2650526400PE,NIFTY,2356.65,2026-05-05,26400.0,0.05,65.0,OPTIDX,PE,NSE_FO
NSE_FO|74412,74412,NIFTY2650526450CE,NIFTY,0.7,2026-05-05,26450.0,0.05,65.0,OPTIDX,CE,NSE_FO
NSE_FO|74413,74413,NIFTY2650526450PE,NIFTY,3323.05,2026-05-05,26450.0,0.05,65.0,OPTIDX,PE,NSE_FO
NSE_FO|74466,74466,NIFTY2650526500CE,NIFTY,0.7,2026-05-05,26500.0,0.05,65.0,OPTIDX,CE,NSE_FO
NSE_FO|74467,74467,NIFTY2650526500PE,NIFTY,2478.9,2026-05-05,26500.0,0.05,65.0,OPTIDX,PE,NSE_FO
NSE_FO|74586,74586,NIFTY2650526550CE,NIFTY,0.7,2026-05-05,26550.0,0.05,65.0,OPTIDX,CE,NSE_FO
NSE_FO|74587,74587,NIFTY2650526550PE,NIFTY,3421.65,2026-05-05,26550.0,0.05,65.0,OPTIDX,PE,NSE_FO
